table_id,party_size,server_id,table_type,arrival_time,seated_time,departure_time,server_load
T01,5,S1,6-top,01-03-2023 11:35,01-03-2023 11:38,01-03-2023 12:53,6
T03,4,S5,2-top,01-03-2023 11:17,01-03-2023 11:17,01-03-2023 12:35,2
T04,3,S3,6-top,01-03-2023 11:09,01-03-2023 11:12,01-03-2023 12:30,3
T05,4,S1,4-top,01-03-2023 11:22,01-03-2023 11:27,01-03-2023 12:35,3
T08,4,S1,2-top,01-03-2023 11:35,01-03-2023 11:39,01-03-2023 13:02,6
T09,3,S5,6-top,01-03-2023 11:12,01-03-2023 11:13,01-03-2023 11:45,6
T10,3,S1,2-top,01-03-2023 11:54,01-03-2023 11:57,01-03-2023 13:22,1
T11,4,S3,6-top,01-03-2023 11:10,01-03-2023 11:15,01-03-2023 12:07,2
T12,6,S1,6-top,01-03-2023 11:38,01-03-2023 11:48,01-03-2023 12:28,5
T14,4,S3,2-top,01-03-2023 11:59,01-03-2023 12:09,01-03-2023 13:23,5
T15,3,S1,6-top,01-03-2023 11:14,01-03-2023 11:14,01-03-2023 12:35,3
T16,1,S2,4-top,01-03-2023 11:58,01-03-2023 12:07,01-03-2023 13:33,6
T17,6,S4,2-top,01-03-2023 11:25,01-03-2023 11:35,01-03-2023 12:34,2
T18,2,S5,2-top,01-03-2023 11:34,01-03-2023 11:38,01-03-2023 12:55,5
T19,5,S4,2-top,01-03-2023 11:23,01-03-2023 11:26,01-03-2023 12:04,5
T20,1,S1,2-top,01-03-2023 11:09,01-03-2023 11:19,01-03-2023 11:59,6
T01,1,S4,6-top,01-03-2023 12:24,01-03-2023 12:33,01-03-2023 13:32,5
T02,5,S1,2-top,01-03-2023 12:43,01-03-2023 12:44,01-03-2023 13:57,5
T05,3,S4,4-top,01-03-2023 12:10,01-03-2023 12:17,01-03-2023 12:47,6
T07,5,S2,2-top,01-03-2023 12:32,01-03-2023 12:33,01-03-2023 13:58,6
T08,6,S5,2-top,01-03-2023 12:38,01-03-2023 12:41,01-03-2023 13:20,3
T10,5,S1,2-top,01-03-2023 12:38,01-03-2023 12:43,01-03-2023 13:44,1
T11,3,S3,6-top,01-03-2023 12:15,01-03-2023 12:15,01-03-2023 13:00,5
T13,4,S1,6-top,01-03-2023 12:48,01-03-2023 12:56,01-03-2023 14:15,2
T14,4,S5,2-top,01-03-2023 12:10,01-03-2023 12:14,01-03-2023 13:17,5
T15,2,S5,6-top,01-03-2023 12:48,01-03-2023 12:51,01-03-2023 14:06,3
T16,6,S3,4-top,01-03-2023 12:28,01-03-2023 12:36,01-03-2023 13:34,1
T17,1,S3,2-top,01-03-2023 12:01,01-03-2023 12:10,01-03-2023 13:15,2
T18,1,S1,2-top,01-03-2023 12:45,01-03-2023 12:55,01-03-2023 13:28,2
T19,1,S3,2-top,01-03-2023 12:04,01-03-2023 12:12,01-03-2023 12:57,3
T20,2,S5,2-top,01-03-2023 12:08,01-03-2023 12:17,01-03-2023 13:23,4
T01,4,S4,6-top,01-03-2023 13:12,01-03-2023 13:13,01-03-2023 13:49,6
T02,4,S4,2-top,01-03-2023 13:29,01-03-2023 13:29,01-03-2023 14:42,6
T04,4,S3,6-top,01-03-2023 13:51,01-03-2023 13:52,01-03-2023 14:37,2
T05,4,S2,4-top,01-03-2023 13:27,01-03-2023 13:29,01-03-2023 14:16,4
T06,1,S4,2-top,01-03-2023 13:51,01-03-2023 13:59,01-03-2023 14:35,1
T07,5,S1,2-top,01-03-2023 13:05,01-03-2023 13:08,01-03-2023 13:48,4
T08,2,S4,2-top,01-03-2023 13:57,01-03-2023 13:57,01-03-2023 14:37,4
T09,4,S3,6-top,01-03-2023 13:59,01-03-2023 14:06,01-03-2023 14:54,4
T10,6,S5,2-top,01-03-2023 13:42,01-03-2023 13:49,01-03-2023 14:28,2
T11,1,S5,6-top,01-03-2023 13:47,01-03-2023 13:55,01-03-2023 14:28,6
T12,1,S5,6-top,01-03-2023 13:30,01-03-2023 13:38,01-03-2023 15:06,5
T13,5,S1,6-top,01-03-2023 13:54,01-03-2023 13:56,01-03-2023 14:30,5
T14,2,S4,2-top,01-03-2023 13:07,01-03-2023 13:16,01-03-2023 14:01,5
T15,5,S1,6-top,01-03-2023 13:26,01-03-2023 13:36,01-03-2023 14:43,5
T16,3,S2,4-top,01-03-2023 13:42,01-03-2023 13:47,01-03-2023 14:32,3
T17,6,S3,2-top,01-03-2023 13:29,01-03-2023 13:34,01-03-2023 15:03,1
T18,5,S5,2-top,01-03-2023 13:06,01-03-2023 13:07,01-03-2023 14:11,2
T19,2,S3,2-top,01-03-2023 13:56,01-03-2023 13:57,01-03-2023 15:23,2
T20,2,S4,2-top,01-03-2023 13:53,01-03-2023 14:01,01-03-2023 15:16,3
T01,6,S5,6-top,01-03-2023 14:00,01-03-2023 14:10,01-03-2023 15:32,5
T02,6,S1,2-top,01-03-2023 14:56,01-03-2023 14:58,01-03-2023 15:44,1
T05,3,S5,4-top,01-03-2023 14:13,01-03-2023 14:18,01-03-2023 15:01,6
T06,3,S5,2-top,01-03-2023 14:31,01-03-2023 14:35,01-03-2023 16:02,1
T07,4,S3,2-top,01-03-2023 14:02,01-03-2023 14:02,01-03-2023 14:53,2
T08,3,S2,2-top,01-03-2023 14:47,01-03-2023 14:54,01-03-2023 15:59,6
T09,1,S1,6-top,01-03-2023 14:04,01-03-2023 14:06,01-03-2023 15:10,1
T11,2,S4,6-top,01-03-2023 14:08,01-03-2023 14:08,01-03-2023 14:57,3
T16,2,S1,4-top,01-03-2023 14:22,01-03-2023 14:30,01-03-2023 15:56,4
T20,2,S2,2-top,01-03-2023 14:56,01-03-2023 15:02,01-03-2023 15:33,2
T02,4,S2,2-top,01-03-2023 15:17,01-03-2023 15:19,01-03-2023 16:39,6
T03,1,S4,2-top,01-03-2023 15:14,01-03-2023 15:17,01-03-2023 16:39,4
T04,2,S2,6-top,01-03-2023 15:01,01-03-2023 15:11,01-03-2023 15:53,4
T05,1,S3,4-top,01-03-2023 15:22,01-03-2023 15:32,01-03-2023 16:34,4
T06,5,S3,2-top,01-03-2023 15:01,01-03-2023 15:02,01-03-2023 16:28,3
T07,3,S1,2-top,01-03-2023 15:06,01-03-2023 15:15,01-03-2023 16:12,3
T09,5,S5,6-top,01-03-2023 15:07,01-03-2023 15:13,01-03-2023 16:40,5
T10,1,S4,2-top,01-03-2023 15:00,01-03-2023 15:08,01-03-2023 16:37,5
T11,6,S2,6-top,01-03-2023 15:23,01-03-2023 15:29,01-03-2023 16:03,6
T13,6,S1,6-top,01-03-2023 15:46,01-03-2023 15:50,01-03-2023 16:52,3
T14,3,S4,2-top,01-03-2023 15:44,01-03-2023 15:48,01-03-2023 16:53,2
T15,6,S4,6-top,01-03-2023 15:43,01-03-2023 15:45,01-03-2023 16:54,5
T16,5,S1,4-top,01-03-2023 15:19,01-03-2023 15:23,01-03-2023 16:06,4
T18,3,S4,2-top,01-03-2023 15:28,01-03-2023 15:35,01-03-2023 16:48,2
T19,6,S2,2-top,01-03-2023 15:42,01-03-2023 15:43,01-03-2023 16:31,5
T20,5,S3,2-top,01-03-2023 15:05,01-03-2023 15:08,01-03-2023 16:21,3
T01,2,S2,6-top,01-03-2023 16:01,01-03-2023 16:01,01-03-2023 16:46,4
T02,1,S4,2-top,01-03-2023 16:26,01-03-2023 16:36,01-03-2023 17:42,2
T04,4,S2,6-top,01-03-2023 16:09,01-03-2023 16:19,01-03-2023 17:33,1
T09,6,S5,6-top,01-03-2023 16:29,01-03-2023 16:29,01-03-2023 17:34,2
T11,2,S4,6-top,01-03-2023 16:42,01-03-2023 16:50,01-03-2023 17:55,5
T12,4,S5,6-top,01-03-2023 16:52,01-03-2023 17:00,01-03-2023 17:57,5
T13,2,S4,6-top,01-03-2023 16:28,01-03-2023 16:32,01-03-2023 17:50,2
T15,5,S4,6-top,01-03-2023 16:40,01-03-2023 16:43,01-03-2023 17:30,4
T16,3,S2,4-top,01-03-2023 16:17,01-03-2023 16:22,01-03-2023 17:12,5
T17,2,S2,2-top,01-03-2023 16:24,01-03-2023 16:26,01-03-2023 17:41,2
T18,4,S3,2-top,01-03-2023 16:34,01-03-2023 16:41,01-03-2023 17:37,1
T19,4,S4,2-top,01-03-2023 16:57,01-03-2023 17:06,01-03-2023 18:36,6
T20,5,S4,2-top,01-03-2023 16:30,01-03-2023 16:30,01-03-2023 18:00,3
T01,4,S4,6-top,01-03-2023 17:34,01-03-2023 17:42,01-03-2023 19:03,5
T03,3,S4,2-top,01-03-2023 17:31,01-03-2023 17:31,01-03-2023 18:25,3
T04,4,S2,6-top,01-03-2023 17:53,01-03-2023 18:00,01-03-2023 19:28,2
T06,4,S5,2-top,01-03-2023 17:36,01-03-2023 17:46,01-03-2023 18:17,1
T07,2,S4,2-top,01-03-2023 17:11,01-03-2023 17:11,01-03-2023 17:57,4
T08,4,S3,2-top,01-03-2023 17:21,01-03-2023 17:27,01-03-2023 18:14,4
T09,1,S4,6-top,01-03-2023 17:01,01-03-2023 17:09,01-03-2023 17:42,3
T10,1,S1,2-top,01-03-2023 17:48,01-03-2023 17:48,01-03-2023 19:18,2
T11,1,S5,6-top,01-03-2023 17:09,01-03-2023 17:12,01-03-2023 17:50,4
T12,5,S2,6-top,01-03-2023 17:29,01-03-2023 17:33,01-03-2023 18:52,3
T13,5,S1,6-top,01-03-2023 17:49,01-03-2023 17:51,01-03-2023 18:40,1
T14,3,S5,2-top,01-03-2023 17:43,01-03-2023 17:49,01-03-2023 18:44,6
T15,5,S2,6-top,01-03-2023 17:06,01-03-2023 17:10,01-03-2023 18:34,6
T16,1,S5,4-top,01-03-2023 17:50,01-03-2023 17:50,01-03-2023 18:42,5
T17,3,S1,2-top,01-03-2023 17:32,01-03-2023 17:42,01-03-2023 18:33,1
T20,3,S4,2-top,01-03-2023 17:45,01-03-2023 17:47,01-03-2023 18:44,2
T03,5,S4,2-top,01-03-2023 18:29,01-03-2023 18:35,01-03-2023 19:57,6
T04,3,S2,6-top,01-03-2023 18:53,01-03-2023 18:54,01-03-2023 19:41,4
T05,4,S5,4-top,01-03-2023 18:39,01-03-2023 18:49,01-03-2023 19:43,3
T06,3,S2,2-top,01-03-2023 18:31,01-03-2023 18:34,01-03-2023 19:26,3
T07,5,S3,2-top,01-03-2023 18:35,01-03-2023 18:35,01-03-2023 19:38,2
T08,6,S4,2-top,01-03-2023 18:31,01-03-2023 18:39,01-03-2023 19:57,2
T09,6,S4,6-top,01-03-2023 18:28,01-03-2023 18:28,01-03-2023 19:03,3
T10,6,S2,2-top,01-03-2023 18:19,01-03-2023 18:29,01-03-2023 19:36,3
T11,5,S3,6-top,01-03-2023 18:27,01-03-2023 18:35,01-03-2023 19:26,3
T13,3,S2,6-top,01-03-2023 18:07,01-03-2023 18:10,01-03-2023 19:00,1
T16,2,S2,4-top,01-03-2023 18:47,01-03-2023 18:54,01-03-2023 19:41,6
T17,5,S5,2-top,01-03-2023 18:18,01-03-2023 18:19,01-03-2023 19:42,2
T18,3,S2,2-top,01-03-2023 18:19,01-03-2023 18:19,01-03-2023 19:34,5
T19,1,S1,2-top,01-03-2023 18:35,01-03-2023 18:39,01-03-2023 19:53,2
T20,4,S1,2-top,01-03-2023 18:55,01-03-2023 18:55,01-03-2023 20:01,3
T01,4,S3,6-top,01-03-2023 19:11,01-03-2023 19:11,01-03-2023 19:57,4
T02,1,S4,2-top,01-03-2023 19:31,01-03-2023 19:32,01-03-2023 20:38,6
T03,2,S2,2-top,01-03-2023 19:51,01-03-2023 20:00,01-03-2023 21:30,3
T04,2,S1,6-top,01-03-2023 19:35,01-03-2023 19:41,01-03-2023 20:49,5
T06,5,S4,2-top,01-03-2023 19:28,01-03-2023 19:35,01-03-2023 20:24,5
T08,5,S1,2-top,01-03-2023 19:39,01-03-2023 19:40,01-03-2023 21:10,2
T09,3,S1,6-top,01-03-2023 19:10,01-03-2023 19:13,01-03-2023 19:54,5
T10,1,S4,2-top,01-03-2023 19:28,01-03-2023 19:37,01-03-2023 20:37,3
T11,3,S3,6-top,01-03-2023 19:44,01-03-2023 19:51,01-03-2023 20:25,6
T12,3,S5,6-top,01-03-2023 19:42,01-03-2023 19:45,01-03-2023 20:42,1
T13,6,S2,6-top,01-03-2023 19:58,01-03-2023 20:02,01-03-2023 21:24,2
T14,2,S3,2-top,01-03-2023 19:38,01-03-2023 19:47,01-03-2023 21:15,3
T15,4,S3,6-top,01-03-2023 19:44,01-03-2023 19:50,01-03-2023 21:20,3
T16,4,S4,4-top,01-03-2023 19:05,01-03-2023 19:14,01-03-2023 19:46,4
T18,1,S1,2-top,01-03-2023 19:14,01-03-2023 19:24,01-03-2023 20:47,5
T19,1,S3,2-top,01-03-2023 19:36,01-03-2023 19:36,01-03-2023 20:54,2
T20,6,S4,2-top,01-03-2023 19:58,01-03-2023 20:02,01-03-2023 20:43,5
T01,4,S1,6-top,01-03-2023 20:30,01-03-2023 20:35,01-03-2023 21:31,3
T02,1,S2,2-top,01-03-2023 20:21,01-03-2023 20:27,01-03-2023 21:41,4
T03,4,S5,2-top,01-03-2023 20:02,01-03-2023 20:09,01-03-2023 20:44,3
T04,1,S4,6-top,01-03-2023 20:55,01-03-2023 21:03,01-03-2023 22:25,1
T05,5,S4,4-top,01-03-2023 20:26,01-03-2023 20:26,01-03-2023 21:08,5
T06,4,S4,2-top,01-03-2023 20:48,01-03-2023 20:48,01-03-2023 21:31,3
T07,3,S4,2-top,01-03-2023 20:56,01-03-2023 21:03,01-03-2023 21:40,1
T09,2,S2,6-top,01-03-2023 20:19,01-03-2023 20:27,01-03-2023 20:57,5
T10,2,S1,2-top,01-03-2023 20:29,01-03-2023 20:30,01-03-2023 21:41,2
T11,6,S3,6-top,01-03-2023 20:32,01-03-2023 20:36,01-03-2023 21:32,4
T13,5,S2,6-top,01-03-2023 20:24,01-03-2023 20:27,01-03-2023 21:55,5
T14,2,S1,2-top,01-03-2023 20:17,01-03-2023 20:23,01-03-2023 21:14,5
T15,1,S3,6-top,01-03-2023 20:46,01-03-2023 20:50,01-03-2023 22:13,5
T16,6,S4,4-top,01-03-2023 20:55,01-03-2023 20:57,01-03-2023 21:55,5
T17,3,S5,2-top,01-03-2023 20:48,01-03-2023 20:56,01-03-2023 21:50,4
T01,4,S2,6-top,01-03-2023 21:54,01-03-2023 22:00,01-03-2023 22:32,3
T05,6,S2,4-top,01-03-2023 21:31,01-03-2023 21:31,01-03-2023 22:09,5
T07,1,S4,2-top,01-03-2023 21:06,01-03-2023 21:14,01-03-2023 22:42,4
T08,2,S4,2-top,01-03-2023 21:55,01-03-2023 22:05,01-03-2023 22:44,1
T09,3,S3,6-top,01-03-2023 21:39,01-03-2023 21:45,01-03-2023 22:56,1
T13,3,S4,6-top,01-03-2023 21:55,01-03-2023 22:03,01-03-2023 22:35,5
T14,6,S3,2-top,01-03-2023 21:14,01-03-2023 21:15,01-03-2023 22:12,1
T17,2,S3,2-top,01-03-2023 21:57,01-03-2023 21:57,01-03-2023 22:29,3
T19,3,S4,2-top,01-03-2023 21:09,01-03-2023 21:12,01-03-2023 22:15,4
T20,2,S2,2-top,01-03-2023 21:11,01-03-2023 21:12,01-03-2023 22:21,4
T01,2,S4,6-top,02-03-2023 11:58,02-03-2023 12:07,02-03-2023 12:46,2
T02,3,S4,2-top,02-03-2023 11:16,02-03-2023 11:26,02-03-2023 11:56,4
T04,2,S1,6-top,02-03-2023 11:28,02-03-2023 11:33,02-03-2023 12:40,3
T05,4,S3,4-top,02-03-2023 11:29,02-03-2023 11:33,02-03-2023 12:15,4
T07,4,S5,2-top,02-03-2023 11:22,02-03-2023 11:31,02-03-2023 12:19,6
T08,6,S4,2-top,02-03-2023 11:17,02-03-2023 11:17,02-03-2023 12:23,6
T16,3,S2,4-top,02-03-2023 11:40,02-03-2023 11:43,02-03-2023 12:52,3
T17,6,S2,2-top,02-03-2023 11:40,02-03-2023 11:41,02-03-2023 13:08,6
T18,3,S4,2-top,02-03-2023 11:02,02-03-2023 11:11,02-03-2023 12:04,6
T19,3,S3,2-top,02-03-2023 11:47,02-03-2023 11:53,02-03-2023 12:34,2
T20,5,S3,2-top,02-03-2023 11:33,02-03-2023 11:41,02-03-2023 13:09,3
T02,4,S3,2-top,02-03-2023 12:47,02-03-2023 12:52,02-03-2023 14:13,1
T03,1,S2,2-top,02-03-2023 12:48,02-03-2023 12:51,02-03-2023 14:16,6
T08,4,S1,2-top,02-03-2023 12:16,02-03-2023 12:24,02-03-2023 13:01,4
T09,6,S3,6-top,02-03-2023 12:37,02-03-2023 12:43,02-03-2023 14:05,6
T11,2,S4,6-top,02-03-2023 12:01,02-03-2023 12:10,02-03-2023 13:36,5
T12,5,S2,6-top,02-03-2023 12:41,02-03-2023 12:42,02-03-2023 13:52,4
T14,4,S1,2-top,02-03-2023 12:08,02-03-2023 12:08,02-03-2023 13:38,1
T15,4,S1,6-top,02-03-2023 12:06,02-03-2023 12:09,02-03-2023 13:35,5
T16,4,S3,4-top,02-03-2023 12:42,02-03-2023 12:50,02-03-2023 13:46,5
T18,4,S1,2-top,02-03-2023 12:53,02-03-2023 13:00,02-03-2023 14:09,4
T20,6,S3,2-top,02-03-2023 12:13,02-03-2023 12:20,02-03-2023 13:18,2
T02,6,S3,2-top,02-03-2023 13:34,02-03-2023 13:44,02-03-2023 14:36,1
T03,2,S1,2-top,02-03-2023 13:54,02-03-2023 14:01,02-03-2023 14:36,6
T04,6,S5,6-top,02-03-2023 13:01,02-03-2023 13:01,02-03-2023 14:21,3
T05,2,S5,4-top,02-03-2023 13:13,02-03-2023 13:14,02-03-2023 14:37,5
T06,2,S2,2-top,02-03-2023 13:21,02-03-2023 13:23,02-03-2023 14:43,5
T07,2,S2,2-top,02-03-2023 13:34,02-03-2023 13:38,02-03-2023 14:59,2
T08,1,S2,2-top,02-03-2023 13:00,02-03-2023 13:05,02-03-2023 14:25,2
T09,1,S2,6-top,02-03-2023 13:16,02-03-2023 13:16,02-03-2023 13:54,6
T10,1,S1,2-top,02-03-2023 13:30,02-03-2023 13:37,02-03-2023 14:56,3
T11,1,S4,6-top,02-03-2023 13:32,02-03-2023 13:35,02-03-2023 15:05,5
T12,6,S5,6-top,02-03-2023 13:19,02-03-2023 13:26,02-03-2023 14:37,1
T13,4,S4,6-top,02-03-2023 13:27,02-03-2023 13:37,02-03-2023 14:13,4
T15,1,S3,6-top,02-03-2023 13:38,02-03-2023 13:40,02-03-2023 14:14,2
T16,6,S5,4-top,02-03-2023 13:35,02-03-2023 13:40,02-03-2023 14:34,5
T17,4,S5,2-top,02-03-2023 13:38,02-03-2023 13:44,02-03-2023 14:20,6
T18,6,S5,2-top,02-03-2023 13:46,02-03-2023 13:49,02-03-2023 14:46,4
T20,4,S4,2-top,02-03-2023 13:26,02-03-2023 13:27,02-03-2023 14:17,4
T01,3,S3,6-top,02-03-2023 14:09,02-03-2023 14:19,02-03-2023 15:48,4
T02,1,S1,2-top,02-03-2023 14:27,02-03-2023 14:28,02-03-2023 15:45,6
T03,2,S5,2-top,02-03-2023 14:03,02-03-2023 14:12,02-03-2023 15:17,5
T04,1,S4,6-top,02-03-2023 14:22,02-03-2023 14:32,02-03-2023 16:02,4
T08,3,S1,2-top,02-03-2023 14:36,02-03-2023 14:44,02-03-2023 15:27,2
T09,2,S1,6-top,02-03-2023 14:22,02-03-2023 14:30,02-03-2023 15:23,1
T11,4,S5,6-top,02-03-2023 14:49,02-03-2023 14:58,02-03-2023 16:07,6
T12,1,S5,6-top,02-03-2023 14:59,02-03-2023 15:09,02-03-2023 16:32,6
T13,2,S3,6-top,02-03-2023 14:44,02-03-2023 14:48,02-03-2023 16:16,3
T14,2,S2,2-top,02-03-2023 14:36,02-03-2023 14:46,02-03-2023 15:41,1
T15,6,S1,6-top,02-03-2023 14:05,02-03-2023 14:13,02-03-2023 14:56,4
T16,3,S2,4-top,02-03-2023 14:23,02-03-2023 14:27,02-03-2023 15:43,3
T18,1,S1,2-top,02-03-2023 14:09,02-03-2023 14:11,02-03-2023 15:29,5
T19,1,S3,2-top,02-03-2023 14:28,02-03-2023 14:38,02-03-2023 15:35,4
T20,4,S3,2-top,02-03-2023 14:13,02-03-2023 14:21,02-03-2023 14:58,3
T01,3,S5,6-top,02-03-2023 15:31,02-03-2023 15:39,02-03-2023 16:51,3
T02,4,S5,2-top,02-03-2023 15:03,02-03-2023 15:03,02-03-2023 15:46,3
T06,1,S1,2-top,02-03-2023 15:31,02-03-2023 15:37,02-03-2023 16:18,2
T07,6,S2,2-top,02-03-2023 15:32,02-03-2023 15:40,02-03-2023 17:03,6
T09,6,S1,6-top,02-03-2023 15:27,02-03-2023 15:27,02-03-2023 16:26,1
T11,5,S4,6-top,02-03-2023 15:45,02-03-2023 15:55,02-03-2023 16:51,3
T12,1,S3,6-top,02-03-2023 15:10,02-03-2023 15:19,02-03-2023 16:18,6
T14,1,S2,2-top,02-03-2023 15:27,02-03-2023 15:36,02-03-2023 16:31,5
T15,3,S3,6-top,02-03-2023 15:14,02-03-2023 15:19,02-03-2023 16:38,2
T16,6,S1,4-top,02-03-2023 15:33,02-03-2023 15:41,02-03-2023 16:23,3
T17,6,S2,2-top,02-03-2023 15:15,02-03-2023 15:16,02-03-2023 15:55,3
T18,5,S2,2-top,02-03-2023 15:48,02-03-2023 15:58,02-03-2023 16:32,2
T20,4,S5,2-top,02-03-2023 15:48,02-03-2023 15:57,02-03-2023 16:55,6
T02,6,S5,2-top,02-03-2023 16:20,02-03-2023 16:30,02-03-2023 17:20,2
T03,4,S4,2-top,02-03-2023 16:40,02-03-2023 16:44,02-03-2023 18:04,3
T04,3,S5,6-top,02-03-2023 16:04,02-03-2023 16:08,02-03-2023 17:07,4
T05,3,S3,4-top,02-03-2023 16:04,02-03-2023 16:14,02-03-2023 17:39,1
T06,5,S4,2-top,02-03-2023 16:29,02-03-2023 16:38,02-03-2023 17:43,6
T08,5,S2,2-top,02-03-2023 16:20,02-03-2023 16:29,02-03-2023 17:29,5
T09,1,S4,6-top,02-03-2023 16:06,02-03-2023 16:11,02-03-2023 17:26,1
T10,2,S1,2-top,02-03-2023 16:15,02-03-2023 16:22,02-03-2023 17:20,5
T11,2,S3,6-top,02-03-2023 16:23,02-03-2023 16:27,02-03-2023 17:21,4
T13,1,S3,6-top,02-03-2023 16:04,02-03-2023 16:09,02-03-2023 16:45,5
T14,3,S3,2-top,02-03-2023 16:46,02-03-2023 16:56,02-03-2023 18:24,5
T16,5,S2,4-top,02-03-2023 16:58,02-03-2023 17:03,02-03-2023 17:52,6
T17,4,S2,2-top,02-03-2023 16:38,02-03-2023 16:39,02-03-2023 17:28,5
T18,3,S2,2-top,02-03-2023 16:42,02-03-2023 16:52,02-03-2023 18:20,5
T19,6,S4,2-top,02-03-2023 16:32,02-03-2023 16:37,02-03-2023 17:08,3
T20,2,S3,2-top,02-03-2023 16:49,02-03-2023 16:56,02-03-2023 17:38,2
T02,3,S1,2-top,02-03-2023 17:32,02-03-2023 17:40,02-03-2023 19:03,6
T04,3,S5,6-top,02-03-2023 17:08,02-03-2023 17:17,02-03-2023 18:11,2
T05,6,S5,4-top,02-03-2023 17:51,02-03-2023 17:53,02-03-2023 19:09,4
T06,3,S2,2-top,02-03-2023 17:28,02-03-2023 17:37,02-03-2023 18:25,6
T08,2,S3,2-top,02-03-2023 17:51,02-03-2023 17:58,02-03-2023 19:25,2
T09,5,S4,6-top,02-03-2023 17:29,02-03-2023 17:33,02-03-2023 18:52,4
T10,4,S2,2-top,02-03-2023 17:52,02-03-2023 17:55,02-03-2023 19:16,5
T11,3,S1,6-top,02-03-2023 17:41,02-03-2023 17:48,02-03-2023 19:13,3
T12,1,S5,6-top,02-03-2023 17:54,02-03-2023 17:55,02-03-2023 18:43,1
T14,5,S2,2-top,02-03-2023 17:53,02-03-2023 17:59,02-03-2023 18:34,2
T18,4,S5,2-top,02-03-2023 17:23,02-03-2023 17:26,02-03-2023 18:20,1
T19,1,S3,2-top,02-03-2023 17:59,02-03-2023 18:00,02-03-2023 19:23,6
T20,2,S2,2-top,02-03-2023 17:02,02-03-2023 17:06,02-03-2023 18:34,4
T01,2,S4,6-top,02-03-2023 18:28,02-03-2023 18:37,02-03-2023 19:07,1
T02,2,S2,2-top,02-03-2023 18:35,02-03-2023 18:44,02-03-2023 19:47,4
T03,3,S2,2-top,02-03-2023 18:19,02-03-2023 18:20,02-03-2023 18:53,2
T04,5,S4,6-top,02-03-2023 18:04,02-03-2023 18:05,02-03-2023 19:28,4
T05,1,S5,4-top,02-03-2023 18:36,02-03-2023 18:39,02-03-2023 19:54,2
T06,1,S5,2-top,02-03-2023 18:22,02-03-2023 18:25,02-03-2023 19:31,4
T07,6,S1,2-top,02-03-2023 18:33,02-03-2023 18:38,02-03-2023 19:12,5
T08,5,S5,2-top,02-03-2023 18:01,02-03-2023 18:07,02-03-2023 19:32,4
T09,4,S3,6-top,02-03-2023 18:16,02-03-2023 18:16,02-03-2023 19:08,1
T10,6,S1,2-top,02-03-2023 18:49,02-03-2023 18:58,02-03-2023 20:15,3
T11,3,S5,6-top,02-03-2023 18:21,02-03-2023 18:31,02-03-2023 19:12,6
T12,6,S4,6-top,02-03-2023 18:40,02-03-2023 18:42,02-03-2023 20:03,2
T13,4,S1,6-top,02-03-2023 18:18,02-03-2023 18:21,02-03-2023 18:53,2
T15,3,S5,6-top,02-03-2023 18:25,02-03-2023 18:33,02-03-2023 19:33,3
T16,6,S2,4-top,02-03-2023 18:18,02-03-2023 18:23,02-03-2023 19:48,1
T18,1,S3,2-top,02-03-2023 18:27,02-03-2023 18:33,02-03-2023 19:50,4
T20,2,S4,2-top,02-03-2023 18:44,02-03-2023 18:51,02-03-2023 19:44,5
T01,1,S4,6-top,02-03-2023 19:05,02-03-2023 19:11,02-03-2023 20:19,2
T02,3,S1,2-top,02-03-2023 19:05,02-03-2023 19:10,02-03-2023 20:22,3
T03,5,S4,2-top,02-03-2023 19:10,02-03-2023 19:17,02-03-2023 20:09,4
T04,3,S5,6-top,02-03-2023 19:27,02-03-2023 19:31,02-03-2023 20:41,1
T05,6,S4,4-top,02-03-2023 19:23,02-03-2023 19:31,02-03-2023 20:52,6
T06,1,S2,2-top,02-03-2023 19:54,02-03-2023 20:03,02-03-2023 21:16,4
T07,1,S2,2-top,02-03-2023 19:49,02-03-2023 19:59,02-03-2023 20:52,3
T08,5,S1,2-top,02-03-2023 19:38,02-03-2023 19:40,02-03-2023 20:53,4
T10,1,S5,2-top,02-03-2023 19:08,02-03-2023 19:16,02-03-2023 20:09,4
T11,3,S2,6-top,02-03-2023 19:07,02-03-2023 19:07,02-03-2023 20:24,2
T12,4,S5,6-top,02-03-2023 19:07,02-03-2023 19:11,02-03-2023 20:30,3
T14,5,S3,2-top,02-03-2023 19:44,02-03-2023 19:51,02-03-2023 20:33,1
T15,1,S4,6-top,02-03-2023 19:11,02-03-2023 19:18,02-03-2023 19:53,6
T18,6,S1,2-top,02-03-2023 19:35,02-03-2023 19:43,02-03-2023 20:31,3
T02,3,S5,2-top,02-03-2023 20:14,02-03-2023 20:15,02-03-2023 20:57,2
T03,4,S1,2-top,02-03-2023 20:23,02-03-2023 20:31,02-03-2023 21:37,3
T04,5,S2,6-top,02-03-2023 20:39,02-03-2023 20:40,02-03-2023 21:14,3
T05,6,S4,4-top,02-03-2023 20:33,02-03-2023 20:39,02-03-2023 21:58,4
T07,3,S1,2-top,02-03-2023 20:28,02-03-2023 20:35,02-03-2023 21:48,5
T08,5,S5,2-top,02-03-2023 20:11,02-03-2023 20:13,02-03-2023 21:10,5
T10,1,S5,2-top,02-03-2023 20:09,02-03-2023 20:13,02-03-2023 20:53,2
T11,6,S2,6-top,02-03-2023 20:22,02-03-2023 20:30,02-03-2023 21:57,3
T13,6,S5,6-top,02-03-2023 20:17,02-03-2023 20:19,02-03-2023 21:29,3
T14,1,S5,2-top,02-03-2023 20:41,02-03-2023 20:43,02-03-2023 21:50,5
T15,6,S5,6-top,02-03-2023 20:46,02-03-2023 20:55,02-03-2023 21:46,5
T16,1,S1,4-top,02-03-2023 20:02,02-03-2023 20:12,02-03-2023 21:31,5
T17,2,S5,2-top,02-03-2023 20:26,02-03-2023 20:35,02-03-2023 21:45,1
T18,6,S5,2-top,02-03-2023 20:18,02-03-2023 20:28,02-03-2023 21:17,4
T19,6,S4,2-top,02-03-2023 20:19,02-03-2023 20:26,02-03-2023 21:00,6
T20,4,S4,2-top,02-03-2023 20:30,02-03-2023 20:37,02-03-2023 21:20,3
T01,3,S3,6-top,02-03-2023 21:46,02-03-2023 21:51,02-03-2023 22:46,2
T03,1,S3,2-top,02-03-2023 21:15,02-03-2023 21:22,02-03-2023 21:59,3
T04,2,S1,6-top,02-03-2023 21:03,02-03-2023 21:07,02-03-2023 22:37,4
T06,2,S3,2-top,02-03-2023 21:59,02-03-2023 22:08,02-03-2023 23:24,3
T07,2,S4,2-top,02-03-2023 21:32,02-03-2023 21:39,02-03-2023 22:40,3
T08,1,S4,2-top,02-03-2023 21:32,02-03-2023 21:39,02-03-2023 22:24,2
T09,1,S1,6-top,02-03-2023 21:18,02-03-2023 21:25,02-03-2023 22:33,6
T10,3,S5,2-top,02-03-2023 21:00,02-03-2023 21:01,02-03-2023 21:58,2
T14,4,S1,2-top,02-03-2023 21:36,02-03-2023 21:44,02-03-2023 22:26,3
T15,1,S4,6-top,02-03-2023 21:32,02-03-2023 21:39,02-03-2023 22:57,5
T16,5,S5,4-top,02-03-2023 21:07,02-03-2023 21:09,02-03-2023 21:45,4
T17,3,S5,2-top,02-03-2023 21:23,02-03-2023 21:25,02-03-2023 22:07,5
T18,5,S1,2-top,02-03-2023 21:02,02-03-2023 21:02,02-03-2023 21:40,6
T19,4,S5,2-top,02-03-2023 21:29,02-03-2023 21:31,02-03-2023 22:39,5
T20,5,S3,2-top,02-03-2023 21:10,02-03-2023 21:16,02-03-2023 22:25,6
T02,5,S5,2-top,03-03-2023 11:34,03-03-2023 11:41,03-03-2023 12:56,5
T03,1,S3,2-top,03-03-2023 11:21,03-03-2023 11:31,03-03-2023 12:08,4
T04,6,S1,6-top,03-03-2023 11:38,03-03-2023 11:45,03-03-2023 12:31,6
T07,6,S1,2-top,03-03-2023 11:37,03-03-2023 11:44,03-03-2023 12:24,5
T08,5,S4,2-top,03-03-2023 11:09,03-03-2023 11:19,03-03-2023 12:04,1
T09,6,S1,6-top,03-03-2023 11:12,03-03-2023 11:12,03-03-2023 12:10,3
T10,4,S2,2-top,03-03-2023 11:26,03-03-2023 11:34,03-03-2023 12:53,5
T14,2,S5,2-top,03-03-2023 11:13,03-03-2023 11:21,03-03-2023 12:11,6
T15,4,S3,6-top,03-03-2023 11:11,03-03-2023 11:18,03-03-2023 12:46,5
T16,3,S3,4-top,03-03-2023 11:39,03-03-2023 11:46,03-03-2023 12:28,2
T17,3,S2,2-top,03-03-2023 11:19,03-03-2023 11:23,03-03-2023 12:38,2
T18,4,S3,2-top,03-03-2023 11:30,03-03-2023 11:35,03-03-2023 12:40,6
T19,1,S5,2-top,03-03-2023 11:43,03-03-2023 11:51,03-03-2023 12:45,4
T03,3,S1,2-top,03-03-2023 12:22,03-03-2023 12:29,03-03-2023 13:40,3
T05,5,S3,4-top,03-03-2023 12:59,03-03-2023 13:07,03-03-2023 14:21,3
T06,5,S5,2-top,03-03-2023 12:15,03-03-2023 12:18,03-03-2023 12:51,6
T08,2,S1,2-top,03-03-2023 12:06,03-03-2023 12:12,03-03-2023 13:03,6
T09,6,S2,6-top,03-03-2023 12:00,03-03-2023 12:08,03-03-2023 13:37,2
T10,4,S4,2-top,03-03-2023 12:41,03-03-2023 12:44,03-03-2023 14:02,3
T11,6,S1,6-top,03-03-2023 12:58,03-03-2023 12:59,03-03-2023 14:10,5
T12,6,S1,6-top,03-03-2023 12:58,03-03-2023 13:00,03-03-2023 13:56,2
T14,4,S4,2-top,03-03-2023 12:11,03-03-2023 12:15,03-03-2023 13:41,1
T15,5,S5,6-top,03-03-2023 12:06,03-03-2023 12:11,03-03-2023 12:59,4
T17,4,S2,2-top,03-03-2023 12:54,03-03-2023 13:02,03-03-2023 14:01,3
T18,1,S3,2-top,03-03-2023 12:10,03-03-2023 12:17,03-03-2023 13:28,3
T20,3,S3,2-top,03-03-2023 12:36,03-03-2023 12:46,03-03-2023 14:04,2
T01,6,S4,6-top,03-03-2023 13:52,03-03-2023 13:58,03-03-2023 15:00,3
T02,6,S1,2-top,03-03-2023 13:11,03-03-2023 13:13,03-03-2023 14:13,3
T04,4,S2,6-top,03-03-2023 13:28,03-03-2023 13:32,03-03-2023 14:23,3
T05,5,S1,4-top,03-03-2023 13:16,03-03-2023 13:26,03-03-2023 14:19,6
T06,6,S1,2-top,03-03-2023 13:29,03-03-2023 13:33,03-03-2023 14:13,4
T07,6,S3,2-top,03-03-2023 13:44,03-03-2023 13:45,03-03-2023 14:55,3
T08,2,S2,2-top,03-03-2023 13:08,03-03-2023 13:15,03-03-2023 13:54,4
T10,4,S5,2-top,03-03-2023 13:58,03-03-2023 14:05,03-03-2023 15:23,5
T14,5,S1,2-top,03-03-2023 13:33,03-03-2023 13:40,03-03-2023 14:43,6
T15,5,S1,6-top,03-03-2023 13:03,03-03-2023 13:11,03-03-2023 14:38,5
T16,5,S2,4-top,03-03-2023 13:10,03-03-2023 13:15,03-03-2023 14:39,5
T17,6,S2,2-top,03-03-2023 13:45,03-03-2023 13:54,03-03-2023 14:55,1
T19,1,S4,2-top,03-03-2023 13:08,03-03-2023 13:16,03-03-2023 14:12,4
T20,5,S4,2-top,03-03-2023 13:43,03-03-2023 13:47,03-03-2023 15:03,1
T01,1,S2,6-top,03-03-2023 14:37,03-03-2023 14:38,03-03-2023 15:10,4
T02,1,S5,2-top,03-03-2023 14:03,03-03-2023 14:04,03-03-2023 15:33,4
T03,4,S2,2-top,03-03-2023 14:49,03-03-2023 14:51,03-03-2023 16:10,6
T05,4,S3,4-top,03-03-2023 14:57,03-03-2023 15:03,03-03-2023 16:01,4
T06,6,S5,2-top,03-03-2023 14:08,03-03-2023 14:18,03-03-2023 15:43,3
T07,5,S4,2-top,03-03-2023 14:33,03-03-2023 14:35,03-03-2023 15:51,2
T11,6,S5,6-top,03-03-2023 14:27,03-03-2023 14:35,03-03-2023 15:29,2
T12,3,S2,6-top,03-03-2023 14:17,03-03-2023 14:20,03-03-2023 15:49,6
T14,6,S4,2-top,03-03-2023 14:39,03-03-2023 14:39,03-03-2023 15:24,2
T15,5,S1,6-top,03-03-2023 14:28,03-03-2023 14:37,03-03-2023 15:50,6
T17,1,S4,2-top,03-03-2023 14:28,03-03-2023 14:31,03-03-2023 15:35,2
T20,3,S2,2-top,03-03-2023 14:52,03-03-2023 15:01,03-03-2023 15:51,5
T01,6,S3,6-top,03-03-2023 15:15,03-03-2023 15:19,03-03-2023 16:45,2
T03,4,S3,2-top,03-03-2023 15:17,03-03-2023 15:17,03-03-2023 16:22,5
T06,4,S5,2-top,03-03-2023 15:31,03-03-2023 15:31,03-03-2023 16:23,6
T07,5,S3,2-top,03-03-2023 15:44,03-03-2023 15:50,03-03-2023 16:46,2
T08,2,S5,2-top,03-03-2023 15:30,03-03-2023 15:33,03-03-2023 16:57,2
T09,6,S2,6-top,03-03-2023 15:51,03-03-2023 15:58,03-03-2023 17:26,1
T10,4,S5,2-top,03-03-2023 15:33,03-03-2023 15:35,03-03-2023 16:29,2
T11,3,S1,6-top,03-03-2023 15:59,03-03-2023 16:06,03-03-2023 17:30,3
T12,6,S2,6-top,03-03-2023 15:03,03-03-2023 15:07,03-03-2023 16:01,6
T13,1,S1,6-top,03-03-2023 15:12,03-03-2023 15:21,03-03-2023 16:37,6
T14,4,S2,2-top,03-03-2023 15:55,03-03-2023 16:00,03-03-2023 16:49,1
T15,2,S1,6-top,03-03-2023 15:47,03-03-2023 15:54,03-03-2023 17:22,2
T16,6,S2,4-top,03-03-2023 15:25,03-03-2023 15:28,03-03-2023 16:33,3
T18,5,S3,2-top,03-03-2023 15:19,03-03-2023 15:23,03-03-2023 16:16,5
T20,6,S4,2-top,03-03-2023 15:48,03-03-2023 15:53,03-03-2023 17:21,2
T01,4,S1,6-top,03-03-2023 16:36,03-03-2023 16:39,03-03-2023 17:56,2
T02,5,S5,2-top,03-03-2023 16:37,03-03-2023 16:43,03-03-2023 17:31,2
T03,2,S4,2-top,03-03-2023 16:36,03-03-2023 16:39,03-03-2023 17:40,5
T04,6,S3,6-top,03-03-2023 16:16,03-03-2023 16:23,03-03-2023 17:39,6
T06,6,S3,2-top,03-03-2023 16:10,03-03-2023 16:12,03-03-2023 17:28,5
T07,5,S1,2-top,03-03-2023 16:33,03-03-2023 16:33,03-03-2023 17:56,1
T09,1,S4,6-top,03-03-2023 16:08,03-03-2023 16:18,03-03-2023 17:02,1
T11,5,S4,6-top,03-03-2023 16:23,03-03-2023 16:23,03-03-2023 17:32,6
T12,5,S4,6-top,03-03-2023 16:42,03-03-2023 16:49,03-03-2023 17:20,1
T13,4,S1,6-top,03-03-2023 16:01,03-03-2023 16:09,03-03-2023 17:25,3
T14,3,S1,2-top,03-03-2023 16:32,03-03-2023 16:42,03-03-2023 17:39,2
T15,1,S5,6-top,03-03-2023 16:09,03-03-2023 16:12,03-03-2023 16:54,5
T16,3,S3,4-top,03-03-2023 16:50,03-03-2023 16:56,03-03-2023 17:31,3
T18,2,S2,2-top,03-03-2023 16:19,03-03-2023 16:29,03-03-2023 17:51,1
T19,6,S1,2-top,03-03-2023 16:05,03-03-2023 16:11,03-03-2023 17:05,4
T20,1,S1,2-top,03-03-2023 16:44,03-03-2023 16:46,03-03-2023 17:21,4
T02,3,S5,2-top,03-03-2023 17:54,03-03-2023 17:55,03-03-2023 19:22,5
T04,6,S5,6-top,03-03-2023 17:30,03-03-2023 17:34,03-03-2023 18:06,1
T05,3,S5,4-top,03-03-2023 17:36,03-03-2023 17:46,03-03-2023 18:18,2
T07,2,S5,2-top,03-03-2023 17:09,03-03-2023 17:15,03-03-2023 18:44,1
T08,5,S2,2-top,03-03-2023 17:36,03-03-2023 17:42,03-03-2023 18:55,5
T09,6,S2,6-top,03-03-2023 17:50,03-03-2023 17:51,03-03-2023 18:53,6
T11,4,S2,6-top,03-03-2023 17:53,03-03-2023 17:54,03-03-2023 18:45,5
T14,3,S1,2-top,03-03-2023 17:40,03-03-2023 17:44,03-03-2023 19:04,4
T15,3,S5,6-top,03-03-2023 17:24,03-03-2023 17:30,03-03-2023 18:11,6
T16,4,S1,4-top,03-03-2023 17:49,03-03-2023 17:58,03-03-2023 18:46,2
T18,2,S4,2-top,03-03-2023 17:45,03-03-2023 17:55,03-03-2023 18:34,6
T19,3,S1,2-top,03-03-2023 17:05,03-03-2023 17:05,03-03-2023 18:35,3
T20,3,S1,2-top,03-03-2023 17:08,03-03-2023 17:09,03-03-2023 17:50,4
T01,5,S5,6-top,03-03-2023 18:26,03-03-2023 18:27,03-03-2023 18:58,1
T02,1,S5,2-top,03-03-2023 18:38,03-03-2023 18:43,03-03-2023 20:08,4
T03,4,S4,2-top,03-03-2023 18:49,03-03-2023 18:50,03-03-2023 20:06,5
T06,2,S4,2-top,03-03-2023 18:10,03-03-2023 18:12,03-03-2023 18:59,3
T07,2,S1,2-top,03-03-2023 18:10,03-03-2023 18:16,03-03-2023 19:03,4
T08,1,S3,2-top,03-03-2023 18:16,03-03-2023 18:19,03-03-2023 19:35,6
T09,5,S2,6-top,03-03-2023 18:29,03-03-2023 18:30,03-03-2023 19:08,3
T10,4,S3,2-top,03-03-2023 18:53,03-03-2023 19:02,03-03-2023 19:56,3
T11,4,S5,6-top,03-03-2023 18:08,03-03-2023 18:12,03-03-2023 19:02,5
T13,3,S2,6-top,03-03-2023 18:25,03-03-2023 18:30,03-03-2023 19:18,6
T14,4,S5,2-top,03-03-2023 18:50,03-03-2023 18:53,03-03-2023 19:43,4
T15,4,S3,6-top,03-03-2023 18:07,03-03-2023 18:16,03-03-2023 18:58,5
T17,5,S1,2-top,03-03-2023 18:46,03-03-2023 18:53,03-03-2023 20:23,6
T18,3,S1,2-top,03-03-2023 18:52,03-03-2023 18:58,03-03-2023 20:11,4
T19,3,S2,2-top,03-03-2023 18:16,03-03-2023 18:26,03-03-2023 19:05,6
T20,4,S1,2-top,03-03-2023 18:28,03-03-2023 18:37,03-03-2023 19:37,5
T01,5,S4,6-top,03-03-2023 19:34,03-03-2023 19:34,03-03-2023 20:54,3
T04,1,S1,6-top,03-03-2023 19:49,03-03-2023 19:52,03-03-2023 21:04,6
T05,6,S5,4-top,03-03-2023 19:02,03-03-2023 19:11,03-03-2023 20:22,6
T06,3,S4,2-top,03-03-2023 19:06,03-03-2023 19:06,03-03-2023 19:42,3
T07,6,S5,2-top,03-03-2023 19:35,03-03-2023 19:44,03-03-2023 20:58,5
T08,3,S4,2-top,03-03-2023 19:29,03-03-2023 19:39,03-03-2023 20:46,6
T09,3,S1,6-top,03-03-2023 19:30,03-03-2023 19:31,03-03-2023 20:19,4
T11,6,S2,6-top,03-03-2023 19:22,03-03-2023 19:26,03-03-2023 20:17,4
T13,3,S4,6-top,03-03-2023 19:06,03-03-2023 19:13,03-03-2023 20:29,6
T14,1,S3,2-top,03-03-2023 19:02,03-03-2023 19:03,03-03-2023 19:34,3
T15,6,S2,6-top,03-03-2023 19:59,03-03-2023 20:02,03-03-2023 21:05,2
T16,3,S5,4-top,03-03-2023 19:27,03-03-2023 19:34,03-03-2023 20:18,4
T17,2,S4,2-top,03-03-2023 19:25,03-03-2023 19:25,03-03-2023 20:42,5
T19,4,S4,2-top,03-03-2023 19:00,03-03-2023 19:03,03-03-2023 19:46,3
T02,1,S5,2-top,03-03-2023 20:11,03-03-2023 20:16,03-03-2023 21:06,2
T03,3,S4,2-top,03-03-2023 20:33,03-03-2023 20:43,03-03-2023 21:33,5
T04,4,S5,6-top,03-03-2023 20:07,03-03-2023 20:12,03-03-2023 21:04,4
T05,6,S3,4-top,03-03-2023 20:58,03-03-2023 21:07,03-03-2023 22:14,1
T06,3,S1,2-top,03-03-2023 20:15,03-03-2023 20:19,03-03-2023 20:56,2
T07,2,S5,2-top,03-03-2023 20:24,03-03-2023 20:30,03-03-2023 21:38,2
T08,4,S2,2-top,03-03-2023 20:31,03-03-2023 20:41,03-03-2023 21:45,6
T11,2,S4,6-top,03-03-2023 20:18,03-03-2023 20:20,03-03-2023 21:01,3
T13,3,S1,6-top,03-03-2023 20:31,03-03-2023 20:33,03-03-2023 21:15,4
T15,4,S4,6-top,03-03-2023 20:43,03-03-2023 20:50,03-03-2023 21:46,6
T17,1,S5,2-top,03-03-2023 20:01,03-03-2023 20:04,03-03-2023 20:52,1
T18,5,S3,2-top,03-03-2023 20:10,03-03-2023 20:17,03-03-2023 21:23,6
T20,5,S1,2-top,03-03-2023 20:36,03-03-2023 20:37,03-03-2023 21:24,5
T02,1,S4,2-top,03-03-2023 21:34,03-03-2023 21:37,03-03-2023 22:34,1
T04,2,S3,6-top,03-03-2023 21:55,03-03-2023 21:55,03-03-2023 22:53,3
T05,1,S4,4-top,03-03-2023 21:55,03-03-2023 21:56,03-03-2023 23:15,2
T06,6,S5,2-top,03-03-2023 21:44,03-03-2023 21:49,03-03-2023 23:14,6
T07,4,S2,2-top,03-03-2023 21:39,03-03-2023 21:41,03-03-2023 23:01,2
T10,5,S3,2-top,03-03-2023 21:38,03-03-2023 21:46,03-03-2023 22:26,3
T12,5,S3,6-top,03-03-2023 21:54,03-03-2023 22:02,03-03-2023 23:29,6
T14,4,S1,2-top,03-03-2023 21:17,03-03-2023 21:27,03-03-2023 22:05,6
T16,6,S3,4-top,03-03-2023 21:53,03-03-2023 21:56,03-03-2023 23:14,6
T17,2,S5,2-top,03-03-2023 21:40,03-03-2023 21:44,03-03-2023 22:54,4
T18,1,S1,2-top,03-03-2023 21:25,03-03-2023 21:33,03-03-2023 22:50,3
T19,3,S4,2-top,03-03-2023 21:31,03-03-2023 21:36,03-03-2023 22:43,1
T02,4,S3,2-top,04-03-2023 11:54,04-03-2023 11:55,04-03-2023 13:15,5
T03,4,S2,2-top,04-03-2023 11:31,04-03-2023 11:35,04-03-2023 12:25,3
T04,5,S2,6-top,04-03-2023 11:36,04-03-2023 11:43,04-03-2023 13:03,3
T07,6,S4,2-top,04-03-2023 11:01,04-03-2023 11:02,04-03-2023 12:31,2
T08,1,S4,2-top,04-03-2023 11:12,04-03-2023 11:14,04-03-2023 12:40,6
T09,3,S1,6-top,04-03-2023 11:41,04-03-2023 11:46,04-03-2023 12:32,1
T10,6,S2,2-top,04-03-2023 11:03,04-03-2023 11:09,04-03-2023 12:19,3
T13,1,S1,6-top,04-03-2023 11:00,04-03-2023 11:03,04-03-2023 12:03,1
T14,2,S5,2-top,04-03-2023 11:43,04-03-2023 11:50,04-03-2023 12:20,1
T15,1,S4,6-top,04-03-2023 11:44,04-03-2023 11:46,04-03-2023 12:46,1
T16,1,S1,4-top,04-03-2023 11:06,04-03-2023 11:11,04-03-2023 12:04,3
T17,2,S2,2-top,04-03-2023 11:04,04-03-2023 11:12,04-03-2023 12:18,1
T18,2,S4,2-top,04-03-2023 11:22,04-03-2023 11:25,04-03-2023 12:35,6
T19,4,S5,2-top,04-03-2023 11:43,04-03-2023 11:50,04-03-2023 13:15,2
T20,1,S2,2-top,04-03-2023 11:48,04-03-2023 11:49,04-03-2023 12:56,6
T01,4,S3,6-top,04-03-2023 12:50,04-03-2023 12:52,04-03-2023 13:37,3
T02,2,S5,2-top,04-03-2023 12:38,04-03-2023 12:47,04-03-2023 14:03,5
T03,6,S1,2-top,04-03-2023 12:54,04-03-2023 13:04,04-03-2023 14:30,3
T04,5,S5,6-top,04-03-2023 12:12,04-03-2023 12:18,04-03-2023 13:06,6
T05,2,S4,4-top,04-03-2023 12:24,04-03-2023 12:25,04-03-2023 13:10,4
T06,1,S5,2-top,04-03-2023 12:56,04-03-2023 12:56,04-03-2023 13:49,3
T07,5,S4,2-top,04-03-2023 12:23,04-03-2023 12:31,04-03-2023 13:44,2
T11,1,S1,6-top,04-03-2023 12:16,04-03-2023 12:19,04-03-2023 12:51,1
T13,3,S5,6-top,04-03-2023 12:49,04-03-2023 12:55,04-03-2023 13:52,6
T14,6,S5,2-top,04-03-2023 12:34,04-03-2023 12:43,04-03-2023 13:22,3
T15,1,S5,6-top,04-03-2023 12:58,04-03-2023 13:01,04-03-2023 14:22,2
T16,4,S5,4-top,04-03-2023 12:40,04-03-2023 12:50,04-03-2023 14:03,6
T17,6,S4,2-top,04-03-2023 12:46,04-03-2023 12:49,04-03-2023 13:22,2
T18,4,S1,2-top,04-03-2023 12:29,04-03-2023 12:38,04-03-2023 13:46,1
T19,6,S2,2-top,04-03-2023 12:07,04-03-2023 12:07,04-03-2023 13:22,2
T01,3,S5,6-top,04-03-2023 13:33,04-03-2023 13:37,04-03-2023 14:17,3
T02,3,S1,2-top,04-03-2023 13:49,04-03-2023 13:49,04-03-2023 14:40,4
T03,1,S3,2-top,04-03-2023 13:45,04-03-2023 13:54,04-03-2023 15:04,1
T04,5,S3,6-top,04-03-2023 13:03,04-03-2023 13:10,04-03-2023 14:34,5
T05,2,S3,4-top,04-03-2023 13:49,04-03-2023 13:50,04-03-2023 15:17,5
T06,1,S2,2-top,04-03-2023 13:47,04-03-2023 13:55,04-03-2023 14:25,1
T08,1,S4,2-top,04-03-2023 13:23,04-03-2023 13:29,04-03-2023 14:57,2
T09,1,S5,6-top,04-03-2023 13:51,04-03-2023 14:01,04-03-2023 14:57,2
T10,4,S3,2-top,04-03-2023 13:17,04-03-2023 13:18,04-03-2023 14:24,3
T11,6,S1,6-top,04-03-2023 13:11,04-03-2023 13:14,04-03-2023 14:35,5
T14,4,S3,2-top,04-03-2023 13:49,04-03-2023 13:53,04-03-2023 14:43,1
T15,1,S3,6-top,04-03-2023 13:12,04-03-2023 13:16,04-03-2023 14:22,3
T17,3,S5,2-top,04-03-2023 13:31,04-03-2023 13:34,04-03-2023 14:50,5
T19,1,S4,2-top,04-03-2023 13:01,04-03-2023 13:04,04-03-2023 14:08,3
T20,6,S1,2-top,04-03-2023 13:21,04-03-2023 13:21,04-03-2023 14:39,6
T01,6,S3,6-top,04-03-2023 14:06,04-03-2023 14:09,04-03-2023 15:12,2
T02,1,S2,2-top,04-03-2023 14:45,04-03-2023 14:49,04-03-2023 15:24,1
T05,6,S3,4-top,04-03-2023 14:29,04-03-2023 14:30,04-03-2023 15:37,1
T06,6,S4,2-top,04-03-2023 14:04,04-03-2023 14:13,04-03-2023 15:19,1
T07,2,S2,2-top,04-03-2023 14:18,04-03-2023 14:22,04-03-2023 15:46,3
T09,6,S3,6-top,04-03-2023 14:20,04-03-2023 14:27,04-03-2023 15:14,2
T10,2,S2,2-top,04-03-2023 14:49,04-03-2023 14:58,04-03-2023 15:34,2
T11,4,S4,6-top,04-03-2023 14:20,04-03-2023 14:26,04-03-2023 15:03,5
T12,2,S4,6-top,04-03-2023 14:19,04-03-2023 14:26,04-03-2023 15:12,1
T13,6,S3,6-top,04-03-2023 14:52,04-03-2023 15:01,04-03-2023 15:33,2
T15,1,S2,6-top,04-03-2023 14:22,04-03-2023 14:28,04-03-2023 15:30,1
T16,3,S2,4-top,04-03-2023 14:01,04-03-2023 14:07,04-03-2023 15:31,4
T17,5,S2,2-top,04-03-2023 14:06,04-03-2023 14:13,04-03-2023 14:49,2
T18,1,S2,2-top,04-03-2023 14:08,04-03-2023 14:11,04-03-2023 15:33,4
T19,6,S1,2-top,04-03-2023 14:37,04-03-2023 14:46,04-03-2023 15:32,1
T20,1,S2,2-top,04-03-2023 14:57,04-03-2023 15:07,04-03-2023 16:05,2
T01,3,S1,6-top,04-03-2023 15:02,04-03-2023 15:09,04-03-2023 15:42,2
T03,6,S4,2-top,04-03-2023 15:31,04-03-2023 15:31,04-03-2023 16:25,6
T04,3,S2,6-top,04-03-2023 15:58,04-03-2023 16:00,04-03-2023 16:47,3
T05,2,S1,4-top,04-03-2023 15:39,04-03-2023 15:48,04-03-2023 16:57,2
T06,4,S4,2-top,04-03-2023 15:56,04-03-2023 16:04,04-03-2023 17:04,1
T07,4,S2,2-top,04-03-2023 15:26,04-03-2023 15:29,04-03-2023 16:40,5
T08,5,S1,2-top,04-03-2023 15:24,04-03-2023 15:29,04-03-2023 16:29,5
T10,5,S5,2-top,04-03-2023 15:20,04-03-2023 15:26,04-03-2023 16:13,2
T11,5,S2,6-top,04-03-2023 15:01,04-03-2023 15:05,04-03-2023 15:38,4
T12,5,S2,6-top,04-03-2023 15:10,04-03-2023 15:11,04-03-2023 15:56,6
T13,5,S1,6-top,04-03-2023 15:48,04-03-2023 15:51,04-03-2023 16:57,4
T14,2,S2,2-top,04-03-2023 15:15,04-03-2023 15:24,04-03-2023 16:14,6
T15,5,S1,6-top,04-03-2023 15:45,04-03-2023 15:50,04-03-2023 17:20,5
T16,5,S2,4-top,04-03-2023 15:53,04-03-2023 16:00,04-03-2023 17:04,3
T17,1,S1,2-top,04-03-2023 15:03,04-03-2023 15:06,04-03-2023 16:14,2
T18,4,S1,2-top,04-03-2023 15:21,04-03-2023 15:30,04-03-2023 16:12,2
T19,2,S3,2-top,04-03-2023 15:03,04-03-2023 15:03,04-03-2023 15:42,5
T01,1,S5,6-top,04-03-2023 16:55,04-03-2023 17:00,04-03-2023 17:34,3
T03,5,S1,2-top,04-03-2023 16:21,04-03-2023 16:25,04-03-2023 17:15,2
T06,6,S4,2-top,04-03-2023 16:41,04-03-2023 16:46,04-03-2023 17:27,6
T08,5,S3,2-top,04-03-2023 16:14,04-03-2023 16:24,04-03-2023 17:31,2
T09,6,S3,6-top,04-03-2023 16:08,04-03-2023 16:10,04-03-2023 17:26,1
T12,5,S1,6-top,04-03-2023 16:11,04-03-2023 16:20,04-03-2023 17:10,5
T13,5,S1,6-top,04-03-2023 16:59,04-03-2023 17:06,04-03-2023 17:45,3
T15,3,S2,6-top,04-03-2023 16:40,04-03-2023 16:41,04-03-2023 18:03,6
T16,6,S3,4-top,04-03-2023 16:28,04-03-2023 16:28,04-03-2023 17:14,2
T17,1,S3,2-top,04-03-2023 16:16,04-03-2023 16:17,04-03-2023 17:33,1
T18,4,S4,2-top,04-03-2023 16:10,04-03-2023 16:16,04-03-2023 17:17,4
T19,4,S1,2-top,04-03-2023 16:53,04-03-2023 17:00,04-03-2023 18:20,5
T20,6,S2,2-top,04-03-2023 16:10,04-03-2023 16:17,04-03-2023 16:51,1
T01,3,S3,6-top,04-03-2023 17:06,04-03-2023 17:07,04-03-2023 17:58,2
T03,1,S5,2-top,04-03-2023 17:57,04-03-2023 17:58,04-03-2023 18:49,5
T07,6,S2,2-top,04-03-2023 17:38,04-03-2023 17:44,04-03-2023 18:24,1
T08,2,S2,2-top,04-03-2023 17:26,04-03-2023 17:34,04-03-2023 18:50,6
T09,6,S3,6-top,04-03-2023 17:19,04-03-2023 17:22,04-03-2023 17:58,1
T10,5,S4,2-top,04-03-2023 17:09,04-03-2023 17:09,04-03-2023 18:02,1
T11,3,S5,6-top,04-03-2023 17:30,04-03-2023 17:33,04-03-2023 18:09,1
T12,6,S3,6-top,04-03-2023 17:05,04-03-2023 17:12,04-03-2023 18:36,1
T13,4,S4,6-top,04-03-2023 17:31,04-03-2023 17:41,04-03-2023 18:27,1
T14,4,S2,2-top,04-03-2023 17:23,04-03-2023 17:29,04-03-2023 18:22,2
T15,3,S4,6-top,04-03-2023 17:29,04-03-2023 17:33,04-03-2023 18:17,3
T16,2,S1,4-top,04-03-2023 17:05,04-03-2023 17:15,04-03-2023 18:07,5
T17,5,S2,2-top,04-03-2023 17:35,04-03-2023 17:35,04-03-2023 18:58,4
T19,5,S4,2-top,04-03-2023 17:36,04-03-2023 17:39,04-03-2023 18:39,3
T20,6,S1,2-top,04-03-2023 17:32,04-03-2023 17:41,04-03-2023 19:08,5
T02,5,S2,2-top,04-03-2023 18:07,04-03-2023 18:14,04-03-2023 18:55,2
T05,4,S1,4-top,04-03-2023 18:43,04-03-2023 18:49,04-03-2023 19:31,6
T06,5,S3,2-top,04-03-2023 18:20,04-03-2023 18:21,04-03-2023 18:56,4
T07,5,S3,2-top,04-03-2023 18:54,04-03-2023 18:58,04-03-2023 20:01,4
T09,6,S5,6-top,04-03-2023 18:37,04-03-2023 18:45,04-03-2023 20:05,4
T10,2,S2,2-top,04-03-2023 18:36,04-03-2023 18:45,04-03-2023 19:52,1
T12,1,S3,6-top,04-03-2023 18:55,04-03-2023 19:03,04-03-2023 20:29,3
T14,6,S4,2-top,04-03-2023 18:36,04-03-2023 18:45,04-03-2023 19:45,1
T15,4,S2,6-top,04-03-2023 18:39,04-03-2023 18:48,04-03-2023 20:01,6
T16,4,S3,4-top,04-03-2023 18:44,04-03-2023 18:47,04-03-2023 19:20,6
T17,3,S3,2-top,04-03-2023 18:01,04-03-2023 18:06,04-03-2023 19:28,3
T18,4,S1,2-top,04-03-2023 18:55,04-03-2023 18:58,04-03-2023 19:36,3
T20,3,S3,2-top,04-03-2023 18:46,04-03-2023 18:52,04-03-2023 20:00,6
T01,4,S2,6-top,04-03-2023 19:58,04-03-2023 20:04,04-03-2023 21:21,4
T05,2,S1,4-top,04-03-2023 19:19,04-03-2023 19:27,04-03-2023 20:22,2
T07,5,S1,2-top,04-03-2023 19:11,04-03-2023 19:14,04-03-2023 20:40,2
T09,4,S1,6-top,04-03-2023 19:58,04-03-2023 20:03,04-03-2023 21:18,2
T10,4,S5,2-top,04-03-2023 19:25,04-03-2023 19:35,04-03-2023 21:04,1
T11,2,S3,6-top,04-03-2023 19:31,04-03-2023 19:40,04-03-2023 20:38,2
T13,5,S3,6-top,04-03-2023 19:22,04-03-2023 19:24,04-03-2023 20:47,3
T15,3,S1,6-top,04-03-2023 19:24,04-03-2023 19:24,04-03-2023 20:04,5
T17,2,S2,2-top,04-03-2023 19:43,04-03-2023 19:46,04-03-2023 20:33,6
T18,1,S1,2-top,04-03-2023 19:30,04-03-2023 19:32,04-03-2023 20:43,2
T19,1,S2,2-top,04-03-2023 19:16,04-03-2023 19:25,04-03-2023 20:46,3
T02,4,S3,2-top,04-03-2023 20:29,04-03-2023 20:33,04-03-2023 21:16,4
T03,5,S5,2-top,04-03-2023 20:25,04-03-2023 20:34,04-03-2023 21:10,1
T04,6,S3,6-top,04-03-2023 20:35,04-03-2023 20:45,04-03-2023 21:53,5
T05,6,S1,4-top,04-03-2023 20:30,04-03-2023 20:31,04-03-2023 21:22,3
T06,3,S3,2-top,04-03-2023 20:41,04-03-2023 20:51,04-03-2023 21:40,2
T07,2,S1,2-top,04-03-2023 20:51,04-03-2023 21:00,04-03-2023 21:55,6
T08,2,S1,2-top,04-03-2023 20:41,04-03-2023 20:48,04-03-2023 21:36,3
T10,6,S1,2-top,04-03-2023 20:37,04-03-2023 20:46,04-03-2023 22:08,2
T11,6,S2,6-top,04-03-2023 20:43,04-03-2023 20:51,04-03-2023 22:01,4
T13,5,S3,6-top,04-03-2023 20:54,04-03-2023 20:56,04-03-2023 22:19,6
T15,1,S4,6-top,04-03-2023 20:08,04-03-2023 20:12,04-03-2023 21:28,5
T17,6,S3,2-top,04-03-2023 20:41,04-03-2023 20:42,04-03-2023 21:26,3
T18,3,S4,2-top,04-03-2023 20:50,04-03-2023 20:55,04-03-2023 21:48,3
T19,4,S1,2-top,04-03-2023 20:30,04-03-2023 20:30,04-03-2023 21:55,6
T20,5,S1,2-top,04-03-2023 20:30,04-03-2023 20:33,04-03-2023 21:35,1
T02,3,S4,2-top,04-03-2023 21:03,04-03-2023 21:05,04-03-2023 21:43,2
T03,5,S4,2-top,04-03-2023 21:09,04-03-2023 21:14,04-03-2023 22:39,6
T04,1,S4,6-top,04-03-2023 21:21,04-03-2023 21:31,04-03-2023 22:12,3
T05,1,S4,4-top,04-03-2023 21:17,04-03-2023 21:20,04-03-2023 22:38,2
T06,2,S4,2-top,04-03-2023 21:50,04-03-2023 21:51,04-03-2023 22:29,5
T07,4,S4,2-top,04-03-2023 21:27,04-03-2023 21:34,04-03-2023 22:28,1
T08,2,S3,2-top,04-03-2023 21:00,04-03-2023 21:05,04-03-2023 22:23,5
T09,6,S1,6-top,04-03-2023 21:40,04-03-2023 21:43,04-03-2023 22:27,6
T11,1,S4,6-top,04-03-2023 21:32,04-03-2023 21:41,04-03-2023 22:30,2
T12,1,S3,6-top,04-03-2023 21:18,04-03-2023 21:25,04-03-2023 22:41,5
T13,3,S4,6-top,04-03-2023 21:56,04-03-2023 22:06,04-03-2023 22:44,3
T15,2,S2,6-top,04-03-2023 21:58,04-03-2023 22:04,04-03-2023 22:35,2
T16,2,S2,4-top,04-03-2023 21:46,04-03-2023 21:46,04-03-2023 22:53,5
T17,3,S1,2-top,04-03-2023 21:24,04-03-2023 21:34,04-03-2023 22:20,5
T18,5,S1,2-top,04-03-2023 21:42,04-03-2023 21:43,04-03-2023 22:54,1
T19,1,S4,2-top,04-03-2023 21:28,04-03-2023 21:34,04-03-2023 22:11,5
T20,6,S2,2-top,04-03-2023 21:13,04-03-2023 21:23,04-03-2023 22:33,1
T01,6,S1,6-top,05-03-2023 11:42,05-03-2023 11:50,05-03-2023 12:37,5
T02,2,S4,2-top,05-03-2023 11:53,05-03-2023 11:54,05-03-2023 12:56,6
T03,3,S1,2-top,05-03-2023 11:50,05-03-2023 11:51,05-03-2023 12:52,2
T04,3,S5,6-top,05-03-2023 11:12,05-03-2023 11:17,05-03-2023 12:32,4
T05,1,S5,4-top,05-03-2023 11:31,05-03-2023 11:34,05-03-2023 12:48,4
T06,1,S1,2-top,05-03-2023 11:42,05-03-2023 11:43,05-03-2023 13:11,1
T08,2,S1,2-top,05-03-2023 11:49,05-03-2023 11:57,05-03-2023 12:31,6
T11,4,S3,6-top,05-03-2023 11:16,05-03-2023 11:23,05-03-2023 11:56,1
T15,6,S3,6-top,05-03-2023 11:27,05-03-2023 11:28,05-03-2023 12:04,1
T16,2,S2,4-top,05-03-2023 11:21,05-03-2023 11:26,05-03-2023 12:53,4
T18,6,S1,2-top,05-03-2023 11:23,05-03-2023 11:28,05-03-2023 12:09,1
T19,4,S3,2-top,05-03-2023 11:53,05-03-2023 11:59,05-03-2023 13:13,4
T01,2,S1,6-top,05-03-2023 12:08,05-03-2023 12:08,05-03-2023 13:38,2
T02,5,S4,2-top,05-03-2023 12:51,05-03-2023 13:00,05-03-2023 14:13,4
T03,4,S3,2-top,05-03-2023 12:39,05-03-2023 12:39,05-03-2023 14:04,6
T07,4,S1,2-top,05-03-2023 12:56,05-03-2023 13:02,05-03-2023 14:00,1
T08,6,S3,2-top,05-03-2023 12:00,05-03-2023 12:10,05-03-2023 13:13,6
T09,5,S2,6-top,05-03-2023 12:42,05-03-2023 12:47,05-03-2023 13:50,5
T10,5,S1,2-top,05-03-2023 12:27,05-03-2023 12:37,05-03-2023 13:53,2
T11,6,S4,6-top,05-03-2023 12:09,05-03-2023 12:17,05-03-2023 13:44,5
T12,6,S2,6-top,05-03-2023 12:32,05-03-2023 12:39,05-03-2023 14:03,4
T14,4,S3,2-top,05-03-2023 12:15,05-03-2023 12:20,05-03-2023 13:07,1
T15,5,S4,6-top,05-03-2023 12:25,05-03-2023 12:28,05-03-2023 13:03,4
T16,5,S4,4-top,05-03-2023 12:05,05-03-2023 12:12,05-03-2023 13:10,3
T17,4,S1,2-top,05-03-2023 12:06,05-03-2023 12:12,05-03-2023 13:08,1
T18,1,S1,2-top,05-03-2023 12:50,05-03-2023 12:59,05-03-2023 14:08,6
T19,5,S5,2-top,05-03-2023 12:13,05-03-2023 12:23,05-03-2023 13:35,4
T01,1,S2,6-top,05-03-2023 13:54,05-03-2023 14:01,05-03-2023 14:52,5
T03,6,S3,2-top,05-03-2023 13:45,05-03-2023 13:52,05-03-2023 14:29,1
T05,3,S3,4-top,05-03-2023 13:53,05-03-2023 14:03,05-03-2023 15:24,3
T06,3,S1,2-top,05-03-2023 13:02,05-03-2023 13:04,05-03-2023 14:05,2
T09,3,S5,6-top,05-03-2023 13:12,05-03-2023 13:15,05-03-2023 13:52,4
T10,2,S3,2-top,05-03-2023 13:06,05-03-2023 13:12,05-03-2023 13:44,6
T12,4,S4,6-top,05-03-2023 13:42,05-03-2023 13:51,05-03-2023 14:53,2
T14,6,S1,2-top,05-03-2023 13:35,05-03-2023 13:41,05-03-2023 15:04,5
T15,5,S2,6-top,05-03-2023 13:44,05-03-2023 13:53,05-03-2023 14:34,6
T17,6,S5,2-top,05-03-2023 13:38,05-03-2023 13:43,05-03-2023 14:45,4
T18,5,S2,2-top,05-03-2023 13:17,05-03-2023 13:23,05-03-2023 14:14,3
T19,2,S2,2-top,05-03-2023 13:26,05-03-2023 13:35,05-03-2023 14:49,6
T20,6,S5,2-top,05-03-2023 13:55,05-03-2023 14:00,05-03-2023 15:15,6
T02,2,S2,2-top,05-03-2023 14:39,05-03-2023 14:43,05-03-2023 15:56,3
T04,6,S2,6-top,05-03-2023 14:32,05-03-2023 14:40,05-03-2023 15:54,6
T05,1,S3,4-top,05-03-2023 14:35,05-03-2023 14:42,05-03-2023 15:49,5
T08,5,S3,2-top,05-03-2023 14:56,05-03-2023 15:02,05-03-2023 16:23,1
T09,1,S4,6-top,05-03-2023 14:09,05-03-2023 14:09,05-03-2023 15:21,1
T10,2,S3,2-top,05-03-2023 14:43,05-03-2023 14:47,05-03-2023 15:26,1
T11,3,S2,6-top,05-03-2023 14:48,05-03-2023 14:56,05-03-2023 15:28,3
T13,6,S5,6-top,05-03-2023 14:55,05-03-2023 14:58,05-03-2023 16:15,6
T14,2,S5,2-top,05-03-2023 14:50,05-03-2023 14:54,05-03-2023 16:08,6
T15,4,S4,6-top,05-03-2023 14:26,05-03-2023 14:36,05-03-2023 15:26,5
T16,6,S3,4-top,05-03-2023 14:12,05-03-2023 14:21,05-03-2023 15:46,4
T20,5,S5,2-top,05-03-2023 14:47,05-03-2023 14:56,05-03-2023 15:38,6
T02,2,S1,2-top,05-03-2023 15:11,05-03-2023 15:13,05-03-2023 16:30,5
T03,1,S4,2-top,05-03-2023 15:17,05-03-2023 15:25,05-03-2023 16:11,2
T04,3,S1,6-top,05-03-2023 15:21,05-03-2023 15:28,05-03-2023 16:43,2
T05,3,S5,4-top,05-03-2023 15:03,05-03-2023 15:13,05-03-2023 16:22,6
T06,5,S5,2-top,05-03-2023 15:22,05-03-2023 15:23,05-03-2023 16:43,6
T07,2,S2,2-top,05-03-2023 15:33,05-03-2023 15:34,05-03-2023 16:54,5
T08,5,S5,2-top,05-03-2023 15:25,05-03-2023 15:26,05-03-2023 16:18,2
T10,3,S3,2-top,05-03-2023 15:18,05-03-2023 15:21,05-03-2023 16:51,5
T11,5,S1,6-top,05-03-2023 15:07,05-03-2023 15:17,05-03-2023 16:09,4
T12,6,S5,6-top,05-03-2023 15:58,05-03-2023 16:07,05-03-2023 16:52,1
T13,3,S4,6-top,05-03-2023 15:58,05-03-2023 15:59,05-03-2023 16:53,3
T14,3,S1,2-top,05-03-2023 15:58,05-03-2023 16:06,05-03-2023 17:28,3
T15,5,S4,6-top,05-03-2023 15:31,05-03-2023 15:31,05-03-2023 16:19,6
T16,5,S1,4-top,05-03-2023 15:06,05-03-2023 15:08,05-03-2023 16:27,5
T17,6,S1,2-top,05-03-2023 15:13,05-03-2023 15:23,05-03-2023 16:33,2
T19,1,S2,2-top,05-03-2023 15:34,05-03-2023 15:40,05-03-2023 16:51,1
T01,4,S3,6-top,05-03-2023 16:02,05-03-2023 16:03,05-03-2023 16:37,1
T02,3,S5,2-top,05-03-2023 16:04,05-03-2023 16:13,05-03-2023 17:35,2
T04,4,S4,6-top,05-03-2023 16:27,05-03-2023 16:32,05-03-2023 17:03,4
T05,5,S1,4-top,05-03-2023 16:41,05-03-2023 16:50,05-03-2023 17:24,6
T06,6,S1,2-top,05-03-2023 16:22,05-03-2023 16:30,05-03-2023 17:06,3
T08,1,S3,2-top,05-03-2023 16:48,05-03-2023 16:55,05-03-2023 17:49,4
T10,2,S5,2-top,05-03-2023 16:14,05-03-2023 16:16,05-03-2023 17:33,4
T13,6,S2,6-top,05-03-2023 16:19,05-03-2023 16:29,05-03-2023 17:55,6
T14,1,S5,2-top,05-03-2023 16:55,05-03-2023 17:03,05-03-2023 17:42,1
T15,5,S5,6-top,05-03-2023 16:25,05-03-2023 16:33,05-03-2023 17:38,1
T16,6,S3,4-top,05-03-2023 16:13,05-03-2023 16:19,05-03-2023 17:46,6
T18,2,S2,2-top,05-03-2023 16:39,05-03-2023 16:43,05-03-2023 17:25,1
T19,5,S1,2-top,05-03-2023 16:54,05-03-2023 17:02,05-03-2023 18:01,6
T20,3,S1,2-top,05-03-2023 16:16,05-03-2023 16:17,05-03-2023 16:59,6
T01,3,S3,6-top,05-03-2023 17:08,05-03-2023 17:18,05-03-2023 18:29,2
T02,5,S1,2-top,05-03-2023 17:57,05-03-2023 18:00,05-03-2023 18:50,4
T03,5,S3,2-top,05-03-2023 17:44,05-03-2023 17:53,05-03-2023 18:32,5
T04,3,S4,6-top,05-03-2023 17:10,05-03-2023 17:10,05-03-2023 18:00,2
T07,3,S3,2-top,05-03-2023 17:08,05-03-2023 17:18,05-03-2023 18:34,3
T09,3,S3,6-top,05-03-2023 17:31,05-03-2023 17:39,05-03-2023 18:15,2
T10,1,S3,2-top,05-03-2023 17:54,05-03-2023 17:56,05-03-2023 19:23,5
T11,6,S1,6-top,05-03-2023 17:46,05-03-2023 17:47,05-03-2023 19:14,1
T13,5,S5,6-top,05-03-2023 17:25,05-03-2023 17:34,05-03-2023 18:17,1
T14,5,S5,2-top,05-03-2023 17:30,05-03-2023 17:40,05-03-2023 18:59,2
T15,2,S5,6-top,05-03-2023 17:46,05-03-2023 17:50,05-03-2023 18:28,4
T16,1,S4,4-top,05-03-2023 17:23,05-03-2023 17:31,05-03-2023 18:01,6
T17,5,S2,2-top,05-03-2023 17:48,05-03-2023 17:56,05-03-2023 18:34,4
T18,5,S5,2-top,05-03-2023 17:42,05-03-2023 17:44,05-03-2023 19:01,6
T19,3,S1,2-top,05-03-2023 17:14,05-03-2023 17:21,05-03-2023 18:05,1
T20,2,S1,2-top,05-03-2023 17:42,05-03-2023 17:45,05-03-2023 18:48,3
T01,4,S1,6-top,05-03-2023 18:02,05-03-2023 18:12,05-03-2023 19:02,1
T03,3,S3,2-top,05-03-2023 18:37,05-03-2023 18:45,05-03-2023 19:51,2
T04,4,S3,6-top,05-03-2023 18:37,05-03-2023 18:47,05-03-2023 20:14,1
T05,4,S2,4-top,05-03-2023 18:33,05-03-2023 18:39,05-03-2023 19:31,3
T06,4,S5,2-top,05-03-2023 18:00,05-03-2023 18:08,05-03-2023 19:34,2
T07,2,S1,2-top,05-03-2023 18:32,05-03-2023 18:42,05-03-2023 19:29,2
T08,2,S3,2-top,05-03-2023 18:38,05-03-2023 18:39,05-03-2023 19:51,2
T09,3,S1,6-top,05-03-2023 18:30,05-03-2023 18:40,05-03-2023 19:40,4
T10,2,S4,2-top,05-03-2023 18:01,05-03-2023 18:04,05-03-2023 18:36,2
T11,2,S2,6-top,05-03-2023 18:40,05-03-2023 18:48,05-03-2023 19:20,5
T12,2,S3,6-top,05-03-2023 18:59,05-03-2023 19:01,05-03-2023 20:04,4
T13,5,S1,6-top,05-03-2023 18:56,05-03-2023 19:06,05-03-2023 20:28,3
T15,5,S4,6-top,05-03-2023 18:55,05-03-2023 19:02,05-03-2023 19:42,2
T17,5,S2,2-top,05-03-2023 18:39,05-03-2023 18:49,05-03-2023 19:51,3
T18,6,S3,2-top,05-03-2023 18:59,05-03-2023 19:06,05-03-2023 20:14,5
T19,4,S4,2-top,05-03-2023 18:08,05-03-2023 18:09,05-03-2023 18:40,2
T20,5,S4,2-top,05-03-2023 18:52,05-03-2023 18:54,05-03-2023 20:02,1
T01,5,S5,6-top,05-03-2023 19:02,05-03-2023 19:10,05-03-2023 20:12,1
T02,6,S2,2-top,05-03-2023 19:57,05-03-2023 20:06,05-03-2023 21:10,1
T05,5,S4,4-top,05-03-2023 19:23,05-03-2023 19:23,05-03-2023 20:37,5
T06,4,S4,2-top,05-03-2023 19:22,05-03-2023 19:31,05-03-2023 20:52,6
T09,4,S2,6-top,05-03-2023 19:16,05-03-2023 19:23,05-03-2023 20:42,2
T11,5,S5,6-top,05-03-2023 19:26,05-03-2023 19:30,05-03-2023 20:12,1
T14,1,S5,2-top,05-03-2023 19:00,05-03-2023 19:06,05-03-2023 20:17,2
T15,3,S4,6-top,05-03-2023 19:23,05-03-2023 19:24,05-03-2023 20:03,4
T16,3,S3,4-top,05-03-2023 19:54,05-03-2023 20:02,05-03-2023 20:59,5
T17,3,S4,2-top,05-03-2023 19:48,05-03-2023 19:51,05-03-2023 20:47,5
T19,3,S5,2-top,05-03-2023 19:35,05-03-2023 19:42,05-03-2023 20:28,3
T20,6,S4,2-top,05-03-2023 19:47,05-03-2023 19:49,05-03-2023 21:13,6
T01,2,S4,6-top,05-03-2023 20:50,05-03-2023 20:52,05-03-2023 21:28,2
T02,3,S5,2-top,05-03-2023 20:39,05-03-2023 20:49,05-03-2023 22:04,1
T03,6,S1,2-top,05-03-2023 20:51,05-03-2023 20:52,05-03-2023 22:14,2
T04,5,S4,6-top,05-03-2023 20:05,05-03-2023 20:06,05-03-2023 20:52,2
T05,5,S1,4-top,05-03-2023 20:46,05-03-2023 20:52,05-03-2023 22:21,4
T06,5,S3,2-top,05-03-2023 20:45,05-03-2023 20:54,05-03-2023 21:27,2
T07,4,S1,2-top,05-03-2023 20:12,05-03-2023 20:22,05-03-2023 21:51,5
T08,1,S5,2-top,05-03-2023 20:32,05-03-2023 20:40,05-03-2023 21:54,2
T09,6,S1,6-top,05-03-2023 20:23,05-03-2023 20:26,05-03-2023 21:37,1
T11,3,S4,6-top,05-03-2023 20:22,05-03-2023 20:32,05-03-2023 21:27,4
T12,5,S1,6-top,05-03-2023 20:47,05-03-2023 20:48,05-03-2023 22:16,1
T13,6,S5,6-top,05-03-2023 20:58,05-03-2023 21:07,05-03-2023 21:59,3
T15,5,S2,6-top,05-03-2023 20:29,05-03-2023 20:35,05-03-2023 21:41,1
T16,4,S5,4-top,05-03-2023 20:06,05-03-2023 20:14,05-03-2023 20:48,5
T17,1,S5,2-top,05-03-2023 20:16,05-03-2023 20:24,05-03-2023 21:46,5
T18,4,S4,2-top,05-03-2023 20:36,05-03-2023 20:43,05-03-2023 22:02,2
T01,4,S5,6-top,05-03-2023 21:55,05-03-2023 21:55,05-03-2023 22:55,1
T02,4,S2,2-top,05-03-2023 21:43,05-03-2023 21:46,05-03-2023 23:07,3
T03,3,S5,2-top,05-03-2023 21:34,05-03-2023 21:34,05-03-2023 22:48,3
T04,1,S4,6-top,05-03-2023 21:43,05-03-2023 21:48,05-03-2023 22:22,5
T06,3,S2,2-top,05-03-2023 21:57,05-03-2023 22:06,05-03-2023 22:53,2
T08,2,S4,2-top,05-03-2023 21:47,05-03-2023 21:50,05-03-2023 22:35,6
T09,3,S2,6-top,05-03-2023 21:14,05-03-2023 21:17,05-03-2023 22:40,2
T11,1,S1,6-top,05-03-2023 21:58,05-03-2023 21:59,05-03-2023 23:12,6
T12,1,S5,6-top,05-03-2023 21:02,05-03-2023 21:09,05-03-2023 22:02,5
T13,5,S3,6-top,05-03-2023 21:31,05-03-2023 21:33,05-03-2023 22:51,5
T14,2,S5,2-top,05-03-2023 21:08,05-03-2023 21:08,05-03-2023 22:11,4
T15,5,S1,6-top,05-03-2023 21:32,05-03-2023 21:37,05-03-2023 22:32,6
T17,1,S5,2-top,05-03-2023 21:29,05-03-2023 21:34,05-03-2023 22:48,1
T18,2,S4,2-top,05-03-2023 21:37,05-03-2023 21:38,05-03-2023 22:28,3
T19,3,S2,2-top,05-03-2023 21:35,05-03-2023 21:39,05-03-2023 22:24,3
T20,5,S3,2-top,05-03-2023 21:23,05-03-2023 21:25,05-03-2023 22:26,4
T01,6,S3,6-top,06-03-2023 11:23,06-03-2023 11:29,06-03-2023 12:16,4
T02,2,S5,2-top,06-03-2023 11:43,06-03-2023 11:46,06-03-2023 13:08,1
T05,4,S2,4-top,06-03-2023 11:09,06-03-2023 11:11,06-03-2023 12:11,1
T06,4,S2,2-top,06-03-2023 11:57,06-03-2023 12:07,06-03-2023 13:10,5
T09,5,S5,6-top,06-03-2023 11:03,06-03-2023 11:09,06-03-2023 11:45,6
T10,2,S3,2-top,06-03-2023 11:30,06-03-2023 11:40,06-03-2023 12:16,4
T12,3,S5,6-top,06-03-2023 11:35,06-03-2023 11:39,06-03-2023 12:31,1
T13,3,S5,6-top,06-03-2023 11:12,06-03-2023 11:21,06-03-2023 12:27,6
T14,2,S3,2-top,06-03-2023 11:22,06-03-2023 11:27,06-03-2023 12:40,5
T15,6,S4,6-top,06-03-2023 11:56,06-03-2023 11:57,06-03-2023 12:51,5
T16,6,S2,4-top,06-03-2023 11:55,06-03-2023 11:57,06-03-2023 13:07,3
T17,5,S5,2-top,06-03-2023 11:25,06-03-2023 11:26,06-03-2023 12:01,2
T18,3,S3,2-top,06-03-2023 11:41,06-03-2023 11:45,06-03-2023 13:00,3
T19,4,S3,2-top,06-03-2023 11:56,06-03-2023 12:03,06-03-2023 13:22,3
T01,4,S4,6-top,06-03-2023 12:10,06-03-2023 12:12,06-03-2023 13:36,1
T02,2,S3,2-top,06-03-2023 12:47,06-03-2023 12:48,06-03-2023 13:31,2
T03,1,S1,2-top,06-03-2023 12:59,06-03-2023 13:06,06-03-2023 14:11,1
T04,4,S5,6-top,06-03-2023 12:48,06-03-2023 12:49,06-03-2023 13:25,3
T05,1,S4,4-top,06-03-2023 12:19,06-03-2023 12:22,06-03-2023 13:07,6
T06,6,S2,2-top,06-03-2023 12:08,06-03-2023 12:16,06-03-2023 13:39,2
T07,6,S3,2-top,06-03-2023 12:55,06-03-2023 13:00,06-03-2023 14:25,4
T08,5,S3,2-top,06-03-2023 12:35,06-03-2023 12:42,06-03-2023 13:20,6
T09,5,S5,6-top,06-03-2023 12:29,06-03-2023 12:39,06-03-2023 13:56,6
T11,6,S5,6-top,06-03-2023 12:19,06-03-2023 12:24,06-03-2023 13:24,5
T12,1,S4,6-top,06-03-2023 12:19,06-03-2023 12:24,06-03-2023 13:20,3
T13,1,S1,6-top,06-03-2023 12:33,06-03-2023 12:35,06-03-2023 13:27,3
T14,1,S4,2-top,06-03-2023 12:48,06-03-2023 12:55,06-03-2023 13:44,1
T17,1,S5,2-top,06-03-2023 12:23,06-03-2023 12:26,06-03-2023 13:22,5
T18,2,S2,2-top,06-03-2023 12:45,06-03-2023 12:55,06-03-2023 13:49,4
T19,1,S4,2-top,06-03-2023 12:40,06-03-2023 12:43,06-03-2023 13:46,5
T01,3,S5,6-top,06-03-2023 13:51,06-03-2023 13:55,06-03-2023 14:51,2
T03,3,S1,2-top,06-03-2023 13:40,06-03-2023 13:47,06-03-2023 14:56,4
T04,5,S4,6-top,06-03-2023 13:12,06-03-2023 13:17,06-03-2023 13:48,2
T05,5,S1,4-top,06-03-2023 13:11,06-03-2023 13:12,06-03-2023 14:00,3
T06,4,S1,2-top,06-03-2023 13:14,06-03-2023 13:15,06-03-2023 13:54,1
T07,3,S4,2-top,06-03-2023 13:19,06-03-2023 13:26,06-03-2023 14:19,4
T08,1,S3,2-top,06-03-2023 13:05,06-03-2023 13:07,06-03-2023 13:40,3
T10,4,S2,2-top,06-03-2023 13:12,06-03-2023 13:16,06-03-2023 14:38,4
T12,6,S2,6-top,06-03-2023 13:24,06-03-2023 13:31,06-03-2023 14:16,6
T14,6,S1,2-top,06-03-2023 13:33,06-03-2023 13:43,06-03-2023 14:26,4
T15,3,S3,6-top,06-03-2023 13:10,06-03-2023 13:20,06-03-2023 14:36,1
T17,1,S3,2-top,06-03-2023 13:30,06-03-2023 13:40,06-03-2023 14:29,2
T18,1,S2,2-top,06-03-2023 13:07,06-03-2023 13:10,06-03-2023 14:20,4
T19,2,S3,2-top,06-03-2023 13:37,06-03-2023 13:38,06-03-2023 14:33,2
T20,1,S5,2-top,06-03-2023 13:50,06-03-2023 13:57,06-03-2023 15:11,5
T01,1,S2,6-top,06-03-2023 14:10,06-03-2023 14:17,06-03-2023 14:52,6
T02,6,S1,2-top,06-03-2023 14:03,06-03-2023 14:08,06-03-2023 15:19,2
T05,2,S3,4-top,06-03-2023 14:35,06-03-2023 14:45,06-03-2023 16:03,3
T07,2,S1,2-top,06-03-2023 14:44,06-03-2023 14:50,06-03-2023 15:42,6
T08,1,S4,2-top,06-03-2023 14:45,06-03-2023 14:52,06-03-2023 15:57,3
T09,4,S2,6-top,06-03-2023 14:36,06-03-2023 14:38,06-03-2023 15:42,3
T10,4,S3,2-top,06-03-2023 14:55,06-03-2023 15:04,06-03-2023 16:32,5
T11,5,S2,6-top,06-03-2023 14:28,06-03-2023 14:32,06-03-2023 15:54,3
T12,4,S1,6-top,06-03-2023 14:49,06-03-2023 14:59,06-03-2023 16:01,4
T15,3,S5,6-top,06-03-2023 14:15,06-03-2023 14:20,06-03-2023 15:36,1
T16,5,S4,4-top,06-03-2023 14:12,06-03-2023 14:20,06-03-2023 15:33,4
T18,3,S3,2-top,06-03-2023 14:26,06-03-2023 14:36,06-03-2023 15:26,1
T19,6,S1,2-top,06-03-2023 14:02,06-03-2023 14:04,06-03-2023 14:45,1
T20,4,S2,2-top,06-03-2023 14:06,06-03-2023 14:06,06-03-2023 15:12,6
T02,5,S5,2-top,06-03-2023 15:44,06-03-2023 15:53,06-03-2023 16:39,1
T03,5,S1,2-top,06-03-2023 15:00,06-03-2023 15:03,06-03-2023 16:14,4
T06,6,S1,2-top,06-03-2023 15:23,06-03-2023 15:31,06-03-2023 16:48,4
T09,5,S3,6-top,06-03-2023 15:33,06-03-2023 15:33,06-03-2023 16:49,1
T11,2,S5,6-top,06-03-2023 15:06,06-03-2023 15:07,06-03-2023 16:23,2
T12,2,S2,6-top,06-03-2023 15:33,06-03-2023 15:43,06-03-2023 16:28,5
T13,2,S5,6-top,06-03-2023 15:47,06-03-2023 15:55,06-03-2023 16:51,6
T14,6,S5,2-top,06-03-2023 15:22,06-03-2023 15:32,06-03-2023 16:31,6
T15,1,S2,6-top,06-03-2023 15:50,06-03-2023 15:52,06-03-2023 16:57,4
T16,6,S2,4-top,06-03-2023 15:34,06-03-2023 15:43,06-03-2023 16:41,3
T18,3,S3,2-top,06-03-2023 15:26,06-03-2023 15:36,06-03-2023 16:33,6
T19,2,S5,2-top,06-03-2023 15:34,06-03-2023 15:37,06-03-2023 16:31,5
T01,4,S4,6-top,06-03-2023 16:25,06-03-2023 16:25,06-03-2023 17:41,1
T03,5,S2,2-top,06-03-2023 16:56,06-03-2023 17:00,06-03-2023 17:30,3
T05,3,S1,4-top,06-03-2023 16:49,06-03-2023 16:53,06-03-2023 18:21,5
T06,5,S5,2-top,06-03-2023 16:09,06-03-2023 16:10,06-03-2023 16:42,4
T07,2,S3,2-top,06-03-2023 16:23,06-03-2023 16:32,06-03-2023 17:17,2
T08,3,S1,2-top,06-03-2023 16:36,06-03-2023 16:42,06-03-2023 17:48,2
T12,6,S5,6-top,06-03-2023 16:52,06-03-2023 16:53,06-03-2023 18:01,6
T13,6,S5,6-top,06-03-2023 16:24,06-03-2023 16:25,06-03-2023 17:44,1
T15,4,S4,6-top,06-03-2023 16:59,06-03-2023 17:00,06-03-2023 18:25,2
T19,6,S4,2-top,06-03-2023 16:03,06-03-2023 16:07,06-03-2023 17:10,1
T20,5,S2,2-top,06-03-2023 16:20,06-03-2023 16:28,06-03-2023 17:42,2
T01,6,S4,6-top,06-03-2023 17:28,06-03-2023 17:37,06-03-2023 18:43,5
T02,4,S3,2-top,06-03-2023 17:50,06-03-2023 17:56,06-03-2023 18:35,2
T03,4,S5,2-top,06-03-2023 17:47,06-03-2023 17:47,06-03-2023 18:52,4
T04,4,S5,6-top,06-03-2023 17:27,06-03-2023 17:29,06-03-2023 18:47,2
T05,2,S4,4-top,06-03-2023 17:25,06-03-2023 17:35,06-03-2023 18:41,2
T06,6,S5,2-top,06-03-2023 17:15,06-03-2023 17:18,06-03-2023 17:52,3
T08,5,S1,2-top,06-03-2023 17:07,06-03-2023 17:17,06-03-2023 18:13,4
T09,2,S3,6-top,06-03-2023 17:22,06-03-2023 17:31,06-03-2023 18:42,1
T11,3,S5,6-top,06-03-2023 17:52,06-03-2023 17:59,06-03-2023 19:08,2
T12,2,S2,6-top,06-03-2023 17:43,06-03-2023 17:48,06-03-2023 18:27,6
T14,1,S2,2-top,06-03-2023 17:39,06-03-2023 17:41,06-03-2023 19:06,3
T15,6,S1,6-top,06-03-2023 17:19,06-03-2023 17:26,06-03-2023 18:26,1
T16,6,S5,4-top,06-03-2023 17:13,06-03-2023 17:16,06-03-2023 18:20,5
T18,5,S2,2-top,06-03-2023 17:44,06-03-2023 17:54,06-03-2023 18:25,4
T19,6,S5,2-top,06-03-2023 17:02,06-03-2023 17:06,06-03-2023 17:46,1
T20,6,S5,2-top,06-03-2023 17:17,06-03-2023 17:17,06-03-2023 18:16,6
T02,6,S3,2-top,06-03-2023 18:42,06-03-2023 18:52,06-03-2023 19:45,1
T03,6,S4,2-top,06-03-2023 18:14,06-03-2023 18:20,06-03-2023 19:22,6
T04,3,S4,6-top,06-03-2023 18:55,06-03-2023 19:04,06-03-2023 20:08,1
T05,5,S4,4-top,06-03-2023 18:35,06-03-2023 18:35,06-03-2023 19:07,2
T07,4,S4,2-top,06-03-2023 18:47,06-03-2023 18:49,06-03-2023 19:20,3
T08,3,S3,2-top,06-03-2023 18:15,06-03-2023 18:23,06-03-2023 19:10,1
T09,4,S1,6-top,06-03-2023 18:35,06-03-2023 18:39,06-03-2023 19:23,2
T10,4,S2,2-top,06-03-2023 18:05,06-03-2023 18:11,06-03-2023 19:14,6
T11,6,S2,6-top,06-03-2023 18:26,06-03-2023 18:29,06-03-2023 19:35,2
T12,3,S5,6-top,06-03-2023 18:21,06-03-2023 18:28,06-03-2023 19:32,2
T13,2,S5,6-top,06-03-2023 18:34,06-03-2023 18:44,06-03-2023 20:05,2
T15,6,S5,6-top,06-03-2023 18:58,06-03-2023 19:00,06-03-2023 19:57,2
T16,5,S2,4-top,06-03-2023 18:20,06-03-2023 18:21,06-03-2023 19:26,5
T18,3,S2,2-top,06-03-2023 18:46,06-03-2023 18:46,06-03-2023 20:04,3
T20,4,S3,2-top,06-03-2023 18:28,06-03-2023 18:38,06-03-2023 20:07,6
T01,2,S1,6-top,06-03-2023 19:08,06-03-2023 19:10,06-03-2023 19:41,5
T02,5,S5,2-top,06-03-2023 19:39,06-03-2023 19:42,06-03-2023 20:50,2
T03,1,S3,2-top,06-03-2023 19:05,06-03-2023 19:12,06-03-2023 19:50,5
T05,6,S3,4-top,06-03-2023 19:11,06-03-2023 19:17,06-03-2023 20:18,4
T06,2,S2,2-top,06-03-2023 19:02,06-03-2023 19:08,06-03-2023 20:26,1
T09,6,S2,6-top,06-03-2023 19:48,06-03-2023 19:51,06-03-2023 20:25,2
T13,3,S4,6-top,06-03-2023 19:56,06-03-2023 19:59,06-03-2023 20:56,4
T15,4,S3,6-top,06-03-2023 19:25,06-03-2023 19:34,06-03-2023 21:04,6
T16,5,S5,4-top,06-03-2023 19:41,06-03-2023 19:41,06-03-2023 20:44,1
T17,1,S2,2-top,06-03-2023 19:33,06-03-2023 19:41,06-03-2023 20:36,6
T18,4,S5,2-top,06-03-2023 19:48,06-03-2023 19:58,06-03-2023 20:31,2
T19,4,S3,2-top,06-03-2023 19:49,06-03-2023 19:53,06-03-2023 20:52,2
T20,5,S1,2-top,06-03-2023 19:44,06-03-2023 19:52,06-03-2023 21:19,2
T01,6,S4,6-top,06-03-2023 20:05,06-03-2023 20:13,06-03-2023 20:50,2
T04,2,S4,6-top,06-03-2023 20:26,06-03-2023 20:31,06-03-2023 21:29,1
T05,5,S2,4-top,06-03-2023 20:56,06-03-2023 21:03,06-03-2023 21:38,3
T06,6,S2,2-top,06-03-2023 20:45,06-03-2023 20:46,06-03-2023 21:21,1
T08,1,S5,2-top,06-03-2023 20:45,06-03-2023 20:51,06-03-2023 22:07,5
T09,2,S4,6-top,06-03-2023 20:35,06-03-2023 20:41,06-03-2023 21:13,2
T11,6,S2,6-top,06-03-2023 20:10,06-03-2023 20:12,06-03-2023 20:53,6
T12,3,S3,6-top,06-03-2023 20:46,06-03-2023 20:53,06-03-2023 21:41,6
T13,2,S2,6-top,06-03-2023 20:00,06-03-2023 20:09,06-03-2023 21:27,3
T14,4,S4,2-top,06-03-2023 20:34,06-03-2023 20:34,06-03-2023 21:42,4
T15,5,S4,6-top,06-03-2023 20:29,06-03-2023 20:35,06-03-2023 21:33,1
T16,1,S2,4-top,06-03-2023 20:56,06-03-2023 21:04,06-03-2023 21:51,5
T17,2,S1,2-top,06-03-2023 20:11,06-03-2023 20:13,06-03-2023 20:46,6
T18,2,S1,2-top,06-03-2023 20:42,06-03-2023 20:51,06-03-2023 22:14,5
T19,1,S1,2-top,06-03-2023 20:06,06-03-2023 20:12,06-03-2023 20:53,2
T20,5,S5,2-top,06-03-2023 20:36,06-03-2023 20:44,06-03-2023 21:25,4
T02,1,S1,2-top,06-03-2023 21:49,06-03-2023 21:53,06-03-2023 22:43,3
T07,4,S2,2-top,06-03-2023 21:07,06-03-2023 21:11,06-03-2023 22:02,5
T08,2,S2,2-top,06-03-2023 21:39,06-03-2023 21:39,06-03-2023 22:15,5
T10,1,S4,2-top,06-03-2023 21:46,06-03-2023 21:55,06-03-2023 23:24,6
T11,5,S3,6-top,06-03-2023 21:16,06-03-2023 21:24,06-03-2023 22:30,5
T12,2,S5,6-top,06-03-2023 21:36,06-03-2023 21:43,06-03-2023 22:46,6
T13,4,S2,6-top,06-03-2023 21:56,06-03-2023 22:05,06-03-2023 22:49,6
T14,2,S1,2-top,06-03-2023 21:07,06-03-2023 21:07,06-03-2023 22:06,6
T17,5,S4,2-top,06-03-2023 21:26,06-03-2023 21:26,06-03-2023 22:17,3
T18,6,S2,2-top,06-03-2023 21:00,06-03-2023 21:10,06-03-2023 21:52,6
T19,1,S3,2-top,06-03-2023 21:19,06-03-2023 21:27,06-03-2023 22:32,3
T01,3,S3,6-top,07-03-2023 11:25,07-03-2023 11:34,07-03-2023 12:43,1
T03,3,S4,2-top,07-03-2023 11:58,07-03-2023 12:05,07-03-2023 13:26,1
T04,4,S2,6-top,07-03-2023 11:40,07-03-2023 11:47,07-03-2023 13:14,5
T06,4,S1,2-top,07-03-2023 11:53,07-03-2023 12:01,07-03-2023 12:50,5
T08,5,S1,2-top,07-03-2023 11:13,07-03-2023 11:22,07-03-2023 12:35,3
T11,2,S3,6-top,07-03-2023 11:53,07-03-2023 11:53,07-03-2023 12:44,4
T12,2,S5,6-top,07-03-2023 11:38,07-03-2023 11:44,07-03-2023 12:25,5
T13,3,S3,6-top,07-03-2023 11:45,07-03-2023 11:45,07-03-2023 12:32,4
T14,2,S3,2-top,07-03-2023 11:28,07-03-2023 11:32,07-03-2023 12:15,5
T15,1,S3,6-top,07-03-2023 11:50,07-03-2023 11:50,07-03-2023 13:09,2
T17,1,S4,2-top,07-03-2023 11:57,07-03-2023 12:05,07-03-2023 12:44,2
T18,4,S5,2-top,07-03-2023 11:19,07-03-2023 11:24,07-03-2023 12:03,1
T01,2,S2,6-top,07-03-2023 12:46,07-03-2023 12:46,07-03-2023 13:45,4
T03,1,S3,2-top,07-03-2023 12:59,07-03-2023 12:59,07-03-2023 14:12,5
T05,1,S1,4-top,07-03-2023 12:33,07-03-2023 12:43,07-03-2023 14:00,3
T06,3,S2,2-top,07-03-2023 12:20,07-03-2023 12:23,07-03-2023 13:05,3
T07,3,S4,2-top,07-03-2023 12:42,07-03-2023 12:43,07-03-2023 13:30,2
T08,1,S1,2-top,07-03-2023 12:39,07-03-2023 12:47,07-03-2023 13:49,1
T09,3,S5,6-top,07-03-2023 12:20,07-03-2023 12:24,07-03-2023 13:03,6
T11,2,S1,6-top,07-03-2023 12:19,07-03-2023 12:28,07-03-2023 13:55,3
T12,1,S2,6-top,07-03-2023 12:01,07-03-2023 12:08,07-03-2023 13:35,6
T13,4,S1,6-top,07-03-2023 12:05,07-03-2023 12:11,07-03-2023 13:06,2
T16,6,S4,4-top,07-03-2023 12:39,07-03-2023 12:44,07-03-2023 13:33,3
T19,5,S1,2-top,07-03-2023 12:59,07-03-2023 13:06,07-03-2023 14:12,2
T20,6,S4,2-top,07-03-2023 12:06,07-03-2023 12:13,07-03-2023 13:02,6
T01,4,S4,6-top,07-03-2023 13:14,07-03-2023 13:17,07-03-2023 13:56,5
T02,3,S4,2-top,07-03-2023 13:11,07-03-2023 13:21,07-03-2023 14:12,3
T03,1,S1,2-top,07-03-2023 13:30,07-03-2023 13:31,07-03-2023 14:23,4
T04,2,S3,6-top,07-03-2023 13:49,07-03-2023 13:54,07-03-2023 15:02,5
T05,1,S4,4-top,07-03-2023 13:52,07-03-2023 13:53,07-03-2023 14:43,5
T06,3,S5,2-top,07-03-2023 13:29,07-03-2023 13:35,07-03-2023 14:42,4
T07,2,S5,2-top,07-03-2023 13:10,07-03-2023 13:17,07-03-2023 14:11,1
T08,6,S5,2-top,07-03-2023 13:27,07-03-2023 13:33,07-03-2023 14:39,3
T09,2,S2,6-top,07-03-2023 13:42,07-03-2023 13:52,07-03-2023 14:26,6
T11,4,S1,6-top,07-03-2023 13:37,07-03-2023 13:46,07-03-2023 14:45,3
T12,4,S2,6-top,07-03-2023 13:19,07-03-2023 13:25,07-03-2023 13:59,5
T13,5,S4,6-top,07-03-2023 13:20,07-03-2023 13:27,07-03-2023 14:38,6
T14,2,S2,2-top,07-03-2023 13:56,07-03-2023 14:05,07-03-2023 15:32,6
T17,4,S5,2-top,07-03-2023 13:18,07-03-2023 13:24,07-03-2023 14:33,5
T18,2,S3,2-top,07-03-2023 13:19,07-03-2023 13:28,07-03-2023 14:48,6
T19,4,S3,2-top,07-03-2023 13:05,07-03-2023 13:14,07-03-2023 13:44,5
T01,2,S3,6-top,07-03-2023 14:03,07-03-2023 14:08,07-03-2023 15:35,5
T03,5,S3,2-top,07-03-2023 14:07,07-03-2023 14:11,07-03-2023 15:36,1
T04,6,S5,6-top,07-03-2023 14:25,07-03-2023 14:35,07-03-2023 15:25,6
T05,4,S4,4-top,07-03-2023 14:34,07-03-2023 14:37,07-03-2023 15:49,2
T06,2,S5,2-top,07-03-2023 14:24,07-03-2023 14:29,07-03-2023 15:52,4
T07,6,S2,2-top,07-03-2023 14:08,07-03-2023 14:08,07-03-2023 14:42,6
T08,6,S4,2-top,07-03-2023 14:42,07-03-2023 14:48,07-03-2023 15:26,1
T09,4,S4,6-top,07-03-2023 14:57,07-03-2023 15:06,07-03-2023 16:35,4
T10,4,S5,2-top,07-03-2023 14:27,07-03-2023 14:35,07-03-2023 15:57,4
T11,2,S2,6-top,07-03-2023 14:27,07-03-2023 14:36,07-03-2023 15:06,5
T12,6,S2,6-top,07-03-2023 14:45,07-03-2023 14:53,07-03-2023 15:40,4
T14,1,S1,2-top,07-03-2023 14:36,07-03-2023 14:43,07-03-2023 15:58,3
T15,4,S1,6-top,07-03-2023 14:09,07-03-2023 14:17,07-03-2023 15:41,3
T16,1,S5,4-top,07-03-2023 14:56,07-03-2023 15:05,07-03-2023 15:40,2
T17,6,S1,2-top,07-03-2023 14:43,07-03-2023 14:53,07-03-2023 15:57,5
T18,1,S3,2-top,07-03-2023 14:34,07-03-2023 14:34,07-03-2023 15:34,4
T19,4,S5,2-top,07-03-2023 14:46,07-03-2023 14:51,07-03-2023 15:47,3
T02,1,S5,2-top,07-03-2023 15:47,07-03-2023 15:51,07-03-2023 17:07,5
T03,6,S4,2-top,07-03-2023 15:37,07-03-2023 15:39,07-03-2023 16:45,1
T04,3,S5,6-top,07-03-2023 15:01,07-03-2023 15:05,07-03-2023 16:06,1
T05,1,S3,4-top,07-03-2023 15:16,07-03-2023 15:18,07-03-2023 16:27,3
T06,3,S1,2-top,07-03-2023 15:47,07-03-2023 15:48,07-03-2023 16:56,2
T09,3,S2,6-top,07-03-2023 15:16,07-03-2023 15:19,07-03-2023 16:20,2
T12,1,S2,6-top,07-03-2023 15:38,07-03-2023 15:40,07-03-2023 17:03,4
T14,4,S2,2-top,07-03-2023 15:42,07-03-2023 15:49,07-03-2023 17:05,6
T15,5,S3,6-top,07-03-2023 15:03,07-03-2023 15:13,07-03-2023 15:59,1
T16,4,S4,4-top,07-03-2023 15:30,07-03-2023 15:34,07-03-2023 16:34,6
T19,6,S4,2-top,07-03-2023 15:30,07-03-2023 15:34,07-03-2023 16:13,5
T01,4,S4,6-top,07-03-2023 16:43,07-03-2023 16:48,07-03-2023 17:51,6
T03,5,S3,2-top,07-03-2023 16:54,07-03-2023 17:00,07-03-2023 18:09,6
T05,3,S1,4-top,07-03-2023 16:16,07-03-2023 16:26,07-03-2023 17:33,4
T06,6,S2,2-top,07-03-2023 16:46,07-03-2023 16:56,07-03-2023 18:03,2
T07,6,S2,2-top,07-03-2023 16:20,07-03-2023 16:28,07-03-2023 16:58,6
T08,1,S1,2-top,07-03-2023 16:26,07-03-2023 16:27,07-03-2023 17:30,1
T09,3,S2,6-top,07-03-2023 16:46,07-03-2023 16:50,07-03-2023 17:36,2
T10,5,S1,2-top,07-03-2023 16:03,07-03-2023 16:12,07-03-2023 17:24,2
T12,6,S1,6-top,07-03-2023 16:05,07-03-2023 16:14,07-03-2023 16:52,4
T13,6,S5,6-top,07-03-2023 16:51,07-03-2023 16:53,07-03-2023 18:20,1
T14,3,S3,2-top,07-03-2023 16:29,07-03-2023 16:39,07-03-2023 18:08,1
T15,3,S4,6-top,07-03-2023 16:44,07-03-2023 16:54,07-03-2023 18:13,3
T16,1,S3,4-top,07-03-2023 16:49,07-03-2023 16:49,07-03-2023 17:43,4
T17,1,S3,2-top,07-03-2023 16:52,07-03-2023 16:56,07-03-2023 17:37,4
T18,2,S5,2-top,07-03-2023 16:25,07-03-2023 16:27,07-03-2023 17:38,4
T19,5,S4,2-top,07-03-2023 16:13,07-03-2023 16:22,07-03-2023 17:33,1
T02,1,S1,2-top,07-03-2023 17:36,07-03-2023 17:40,07-03-2023 18:59,4
T03,4,S2,2-top,07-03-2023 17:41,07-03-2023 17:51,07-03-2023 18:21,1
T04,3,S2,6-top,07-03-2023 17:44,07-03-2023 17:49,07-03-2023 19:16,4
T05,5,S4,4-top,07-03-2023 17:30,07-03-2023 17:36,07-03-2023 18:31,6
T08,1,S4,2-top,07-03-2023 17:44,07-03-2023 17:51,07-03-2023 18:28,5
T09,3,S3,6-top,07-03-2023 17:43,07-03-2023 17:47,07-03-2023 18:42,1
T10,6,S1,2-top,07-03-2023 17:23,07-03-2023 17:31,07-03-2023 18:55,3
T11,4,S3,6-top,07-03-2023 17:41,07-03-2023 17:44,07-03-2023 18:25,5
T12,4,S2,6-top,07-03-2023 17:19,07-03-2023 17:25,07-03-2023 18:52,1
T13,3,S4,6-top,07-03-2023 17:05,07-03-2023 17:15,07-03-2023 18:13,6
T14,1,S2,2-top,07-03-2023 17:01,07-03-2023 17:10,07-03-2023 17:55,4
T15,5,S3,6-top,07-03-2023 17:31,07-03-2023 17:39,07-03-2023 19:02,4
T17,3,S1,2-top,07-03-2023 17:21,07-03-2023 17:21,07-03-2023 18:16,1
T18,6,S5,2-top,07-03-2023 17:29,07-03-2023 17:39,07-03-2023 19:04,5
T19,5,S2,2-top,07-03-2023 17:59,07-03-2023 18:00,07-03-2023 18:32,6
T20,6,S1,2-top,07-03-2023 17:30,07-03-2023 17:39,07-03-2023 18:11,2
T02,2,S1,2-top,07-03-2023 18:57,07-03-2023 19:01,07-03-2023 20:23,1
T03,2,S5,2-top,07-03-2023 18:04,07-03-2023 18:05,07-03-2023 18:42,4
T04,5,S2,6-top,07-03-2023 18:04,07-03-2023 18:07,07-03-2023 19:04,3
T07,3,S1,2-top,07-03-2023 18:43,07-03-2023 18:52,07-03-2023 19:56,2
T08,2,S1,2-top,07-03-2023 18:37,07-03-2023 18:39,07-03-2023 19:30,1
T09,2,S4,6-top,07-03-2023 18:10,07-03-2023 18:15,07-03-2023 19:20,2
T10,5,S1,2-top,07-03-2023 18:08,07-03-2023 18:09,07-03-2023 19:29,6
T11,2,S1,6-top,07-03-2023 18:56,07-03-2023 19:03,07-03-2023 19:38,1
T12,1,S5,6-top,07-03-2023 18:56,07-03-2023 19:00,07-03-2023 19:56,6
T15,2,S2,6-top,07-03-2023 18:40,07-03-2023 18:44,07-03-2023 19:47,4
T16,2,S5,4-top,07-03-2023 18:44,07-03-2023 18:44,07-03-2023 19:52,2
T18,1,S3,2-top,07-03-2023 18:22,07-03-2023 18:28,07-03-2023 18:58,5
T19,1,S5,2-top,07-03-2023 18:06,07-03-2023 18:15,07-03-2023 19:08,5
T20,4,S2,2-top,07-03-2023 18:17,07-03-2023 18:17,07-03-2023 18:59,1
T02,4,S4,2-top,07-03-2023 19:11,07-03-2023 19:13,07-03-2023 20:25,1
T03,3,S3,2-top,07-03-2023 19:13,07-03-2023 19:19,07-03-2023 20:05,3
T04,4,S1,6-top,07-03-2023 19:06,07-03-2023 19:06,07-03-2023 20:35,5
T05,1,S4,4-top,07-03-2023 19:32,07-03-2023 19:33,07-03-2023 20:07,2
T07,3,S4,2-top,07-03-2023 19:12,07-03-2023 19:22,07-03-2023 20:49,3
T08,1,S3,2-top,07-03-2023 19:14,07-03-2023 19:15,07-03-2023 20:00,6
T09,2,S4,6-top,07-03-2023 19:57,07-03-2023 20:00,07-03-2023 20:34,4
T10,1,S4,2-top,07-03-2023 19:09,07-03-2023 19:12,07-03-2023 20:41,5
T11,4,S3,6-top,07-03-2023 19:08,07-03-2023 19:15,07-03-2023 20:31,2
T12,3,S2,6-top,07-03-2023 19:21,07-03-2023 19:23,07-03-2023 19:55,6
T13,3,S2,6-top,07-03-2023 19:07,07-03-2023 19:14,07-03-2023 20:13,4
T14,3,S2,2-top,07-03-2023 19:56,07-03-2023 20:00,07-03-2023 21:08,2
T16,5,S2,4-top,07-03-2023 19:36,07-03-2023 19:44,07-03-2023 21:08,2
T17,5,S4,2-top,07-03-2023 19:55,07-03-2023 19:58,07-03-2023 21:05,4
T19,6,S4,2-top,07-03-2023 19:47,07-03-2023 19:50,07-03-2023 20:35,3
T20,2,S5,2-top,07-03-2023 19:09,07-03-2023 19:18,07-03-2023 20:45,1
T01,1,S1,6-top,07-03-2023 20:30,07-03-2023 20:38,07-03-2023 21:10,4
T02,4,S1,2-top,07-03-2023 20:28,07-03-2023 20:35,07-03-2023 21:20,1
T03,1,S4,2-top,07-03-2023 20:13,07-03-2023 20:15,07-03-2023 21:07,3
T04,1,S1,6-top,07-03-2023 20:30,07-03-2023 20:40,07-03-2023 21:29,2
T08,4,S4,2-top,07-03-2023 20:49,07-03-2023 20:51,07-03-2023 22:16,6
T09,3,S4,6-top,07-03-2023 20:45,07-03-2023 20:55,07-03-2023 21:25,6
T10,6,S3,2-top,07-03-2023 20:33,07-03-2023 20:33,07-03-2023 21:21,4
T12,5,S5,6-top,07-03-2023 20:36,07-03-2023 20:39,07-03-2023 21:59,6
T13,3,S1,6-top,07-03-2023 20:32,07-03-2023 20:42,07-03-2023 21:35,1
T14,3,S4,2-top,07-03-2023 20:39,07-03-2023 20:39,07-03-2023 21:32,3
T15,5,S1,6-top,07-03-2023 20:35,07-03-2023 20:38,07-03-2023 21:16,3
T16,1,S4,4-top,07-03-2023 20:47,07-03-2023 20:56,07-03-2023 22:21,6
T17,6,S2,2-top,07-03-2023 20:20,07-03-2023 20:25,07-03-2023 21:52,3
T18,4,S3,2-top,07-03-2023 20:03,07-03-2023 20:04,07-03-2023 20:57,3
T19,5,S5,2-top,07-03-2023 20:53,07-03-2023 20:54,07-03-2023 21:54,6
T20,5,S3,2-top,07-03-2023 20:28,07-03-2023 20:37,07-03-2023 21:30,6
T04,4,S1,6-top,07-03-2023 21:05,07-03-2023 21:11,07-03-2023 22:38,2
T05,1,S1,4-top,07-03-2023 21:10,07-03-2023 21:14,07-03-2023 21:51,6
T06,2,S2,2-top,07-03-2023 21:33,07-03-2023 21:43,07-03-2023 22:14,3
T07,6,S5,2-top,07-03-2023 21:59,07-03-2023 22:01,07-03-2023 23:01,3
T08,6,S1,2-top,07-03-2023 21:18,07-03-2023 21:21,07-03-2023 21:55,1
T10,5,S3,2-top,07-03-2023 21:26,07-03-2023 21:35,07-03-2023 22:26,6
T11,3,S4,6-top,07-03-2023 21:37,07-03-2023 21:47,07-03-2023 23:01,5
T13,3,S5,6-top,07-03-2023 21:08,07-03-2023 21:12,07-03-2023 21:52,3
T14,3,S3,2-top,07-03-2023 21:49,07-03-2023 21:49,07-03-2023 22:28,3
T15,2,S5,6-top,07-03-2023 21:59,07-03-2023 22:01,07-03-2023 23:16,5
T16,2,S2,4-top,07-03-2023 21:10,07-03-2023 21:13,07-03-2023 21:50,1
T18,4,S3,2-top,07-03-2023 21:23,07-03-2023 21:25,07-03-2023 22:08,5
T20,3,S2,2-top,07-03-2023 21:23,07-03-2023 21:30,07-03-2023 22:34,2
